Gene,day8_1|beta,day8_2|beta,day14_1|beta,day14_2|beta
IL4R,-0.32802,-0.33786,-0.36748,-0.33686
SRD5A1,-0.098204,-0.061072,-0.099805,-0.096729
MTTP,-0.18666,-0.19654,-0.16366,-0.23663
CFTR,-0.11873,-0.071493,-0.094449,-0.10655
MAPK9,-0.093033,-0.080012,-0.10056,-0.077376
OXTR,-0.18016,-0.17298,-0.17743,-0.27435
DDB1,-0.93482,-0.85364,-1.104,-1.0511
KLK6,-0.19159,-0.22056,-0.28264,-0.28477
SLC11A2,-0.31873,-0.34487,-0.52789,-0.48616
HSP90B1,-0.23223,-0.20911,-0.69361,-0.87405
CLK3,-0.16308,-0.20444,-0.19129,-0.20886
FNTB,-1.4447,-1.3992,-1.9136,-1.9014
SIK2,-0.16517,-0.21606,-0.2358,-0.24847
ROCK2,-0.070613,-0.03232,-0.093218,-0.062423
PTGER3,-0.21776,-0.12866,-0.21309,-0.15651
ZAP70,-0.43004,-0.42235,-0.6137,-0.72916
HTR3E,-0.05958,-0.13037,-0.059768,-0.16835
ST14,-0.24832,-0.24306,-0.35584,-0.36824
ADH1C,-0.14666,-0.10044,-0.16971,-0.1132
CYP2C19,-0.084271,-0.052405,-0.12009,-0.15971
IRAK1,-0.26772,-0.2433,-0.26457,-0.30263
PDGFD,-0.15543,-0.10348,-0.15019,-0.11935
CASP8,-0.18202,-0.15691,-0.21556,-0.1866
ITK,-0.1912,-0.18685,-0.31259,-0.2591
SSTR4,-0.17916,-0.17091,-0.20616,-0.17868
NDUFA3,-0.52702,-0.44772,-0.86696,-0.84883
GJC2,-0.28545,-0.31676,-0.35355,-0.32065
GPR55,-0.078114,-0.15136,-0.12638,-0.17606
TGFBR1,-0.14259,-0.1159,-0.11108,-0.18738
ARAF,-0.18627,-0.19967,-0.25486,-0.17947
PSMA5,-1.4864,-1.5835,-1.8444,-1.7796
NDUFAF1,-0.43251,-0.49056,-0.83733,-0.87889
TNF,-0.11903,-0.12059,-0.18503,-0.183
CDK18,-0.31381,-0.29266,-0.34976,-0.36811
TDO2,-0.097559,-0.083704,-0.13308,-0.19312
SLC16A7,-0.15097,-0.12512,-0.15128,-0.12639
SETD7,-0.19229,-0.14561,-0.23755,-0.17084
HTR6,-0.24154,-0.20645,-0.29355,-0.30632
MGA,-0.21356,-0.1482,-0.30084,-0.27738
GJB4,-0.30075,-0.21492,-0.33531,-0.26633
DPP4,-0.17797,-0.067359,-0.1939,-0.10457
GLRA3,-0.16435,-0.16143,-0.22753,-0.22874
PCSK6,-0.23214,-0.13772,-0.25795,-0.25912
IL12A,-0.25589,-0.20309,-0.22923,-0.19418
GJA8,-0.19179,-0.27704,-0.17917,-0.35165
XPNPEP3,-0.28089,-0.3041,-0.51146,-0.54197
CYP3A43,-0.10883,-0.16212,-0.17038,-0.26379
CCR5,0,0,0,0
ADK,-0.056921,-0.055152,-0.053269,-0.11655
CLK4,-0.050494,-0.02734,-0.039515,0.049728
ACACB,-0.26829,-0.20731,-0.28764,-0.26364
ESRRB,-0.20055,-0.17055,-0.23545,-0.20845
VAMP2,-0.20647,-0.24992,-0.28804,-0.29402
CHRNA6,-0.17044,-0.097555,-0.17773,-0.095583
ECE1,-0.2076,-0.18625,-0.22071,-0.21982
CD74,-0.17695,-0.090894,-0.22517,-0.1753
SLK,-0.096703,-0.09601,-0.2142,-0.096529
INPP5D,-0.17787,-0.21856,-0.23655,-0.21098
MAP2K2,-0.18457,-0.17557,-0.15641,-0.17644
MAPK7,-0.21966,-0.30028,-0.27819,-0.36754
SIGMAR1,-0.26052,-0.22472,-0.36758,-0.33967
CALCRL,-0.21442,-0.2328,-0.23696,-0.22415
SOST,-0.085872,-0.083828,-0.17323,-0.12548
CSNK1D,-0.3336,-0.25222,-0.4238,-0.36194
PLK4,-1.0739,-1.0409,-1.4193,-1.2541
SLC22A1,-0.20208,-0.20329,-0.2281,-0.26546
MS4A1,-0.093783,-0.1435,-0.17729,-0.10969
NOD2,-0.18694,-0.16917,-0.16955,-0.23395
HEBP1,-0.21089,-0.16525,-0.24903,-0.2552
PARP2,-0.22665,-0.15473,-0.22751,-0.15386
NDUFAB1,-1.0511,-0.9726,-1.2198,-1.0908
GRIN1,-0.18359,-0.14998,-0.18419,-0.1872
EIF6,-1.9704,-2.0007,-2.4594,-2.4902
CXCR1,-0.2123,-0.24344,-0.2977,-0.24284
TUBB2B,-0.48653,-0.43971,-0.66281,-0.63466
NDUFS2,-1.1069,-1.1469,-1.977,-1.971
NGF,-0.20331,-0.22177,-0.21482,-0.21057
VIPR1,-0.17232,-0.14568,-0.2065,-0.11616
KIR2DL3,-0.26582,-0.3007,-0.31072,-0.38821
CSNK1G1,-0.16226,-0.16473,-0.25372,-0.20189
TUBB,-2.2093,-2.2841,-2.5036,-2.4201
P2RY13,-0.10119,-0.13276,-0.11121,-0.1683
GRIA1,-0.16054,-0.12364,-0.17234,-0.1324
SQLE,-0.21666,-0.16916,-0.29341,-0.23466
MAP3K8,-0.10863,-0.086432,-0.14786,-0.11452
PSMB11,-0.24338,-0.23514,-0.2939,-0.30715
DLL4,-0.119,-0.16877,-0.11878,-0.20971
SLC23A1,-0.32361,-0.33259,-0.41112,-0.429
CDKN3,-0.12462,-0.15842,-0.10364,-0.19299
TUBB6,-0.20421,-0.20623,-0.26047,-0.27543
NOS2,-0.23507,-0.20847,-0.2465,-0.2611
NOTCH2,-0.19972,-0.10926,-0.19696,-0.18422
SLC19A1,-0.62641,-0.56141,-0.98229,-1.1063
CH25H,-0.24817,-0.1996,-0.31879,-0.24616
EIF2AK4,-0.13155,-0.2518,-0.22269,-0.27164
CFD,-0.13233,-0.16484,-0.17141,-0.1885
ENPP2,-0.20655,-0.14919,-0.24526,-0.19034
GRIN2D,-0.2273,-0.23949,-0.27073,-0.28417
POLR3H,-1.7413,-1.7554,-1.9172,-1.9222
ABCC5,-0.066499,-0.13435,-0.14568,-0.1485
NMBR,-0.23828,-0.19786,-0.29728,-0.27355
ITGB3,-0.34783,-0.3592,-0.36158,-0.40852
NDC80,-1.3901,-1.3,-1.4892,-1.4542
GPR87,-0.14763,-0.15488,-0.12158,-0.23943
RBBP9,-0.13061,-0.10491,-0.12305,-0.14476
EIF4E,-2.3993,-2.6176,-3.0325,-3.0034
CREBBP,-0.063361,-0.048767,-0.055064,-0.051385
KCNA6,-0.26549,-0.21296,-0.31783,-0.2982
SIRT1,-0.16933,-0.14014,-0.22692,-0.15017
U2AF2,-0.90869,-0.82024,-1.1737,-1.0957
PNP,-0.1303,-0.12858,-0.087476,-0.23028
CACNA1G,-0.28116,-0.25051,-0.33777,-0.27708
CHRNA3,-0.20248,-0.19073,-0.23188,-0.23956
PRKCQ,-0.11211,-0.11602,-0.16759,-0.087148
PDE4A,-0.34972,-0.32758,-0.33729,-0.38066
HTR1E,-0.31826,-0.32106,-0.41669,-0.30753
SLCO1B1,-0.092515,-0.11074,-0.12563,-0.13536
EPHA7,-0.18399,-0.14212,-0.19245,-0.12735
REN,-0.14492,-0.097454,-0.21002,-0.13021
GJB6,-0.17291,-0.16824,-0.23233,-0.1786
PTPRG,-0.21037,-0.27916,-0.2275,-0.30614
FABP4,-0.095122,-0.055063,-0.14545,-0.078324
PMVK,-0.43391,-0.38269,-1.5859,-1.5244
FYN,-0.21583,-0.18116,-0.27776,-0.23278
AQP6,-0.36504,-0.39568,-0.37128,-0.49297
PRSS3,-0.14828,-0.095594,-0.20201,-0.20388
CD38,-0.13613,-0.16481,-0.14253,-0.17601
RXFP3,-0.21427,-0.1778,-0.26643,-0.29277
PGC,-0.19633,-0.2295,-0.24266,-0.27596
ADRA1D,-0.16737,-0.20209,-0.20686,-0.22618
CASP2,-0.12881,-0.098226,-0.19911,-0.13198
CBX4,-0.18468,-0.21428,-0.13185,-0.19731
KCNN1,-0.25782,-0.27243,-0.33652,-0.32841
SUPV3L1,-0.82184,-0.70405,-1.392,-1.4141
STK32B,-0.21432,-0.19931,-0.25425,-0.17901
ADH1B,-0.10114,-0.11068,-0.17479,-0.14723
GLRB,-0.021284,-0.05663,-0.044138,-0.050525
WDR5,-0.64595,-0.70762,-0.99809,-1.0663
NEK2,-0.31702,-0.28545,-0.41649,-0.36851
NDUFB8,-0.88932,-0.91151,-1.4736,-1.4521
NEK6,-0.25166,-0.24492,-0.25495,-0.22536
CSNK1G2,-0.24489,-0.22976,-0.22158,-0.24337
ROSA26,0,0,0,0
HCRTR1,-0.25617,-0.26464,-0.32709,-0.36552
VWF,-0.12321,-0.12236,-0.116,-0.14621
SLC6A5,-0.23809,-0.16558,-0.25727,-0.12646
SLC27A1,-0.18743,-0.21767,-0.21757,-0.31877
CSNK2A1,-0.091272,-0.015144,-0.10685,-0.088407
PSMB9,-0.18148,-0.18673,-0.21738,-0.19497
CPM,-0.18544,-0.194,-0.18324,-0.31547
DCLK3,-0.11673,-0.090823,-0.1011,-0.13626
PPARD,-0.20203,-0.20546,-0.22432,-0.25961
SCNN1A,-0.16272,-0.13688,-0.16667,-0.17636
CYP3A7,0.0016502,0.0040163,-0.011424,-0.023054
AAVS1,0,0,0,0
MAST3,-0.30946,-0.35161,-0.36865,-0.28754
ADAM12,-0.10803,-0.11309,-0.14145,-0.17486
TGFB3,-0.19624,-0.1277,-0.19003,-0.13784
FPR2,-0.23777,-0.20419,-0.28724,-0.25565
ACVR1,-0.17609,-0.16034,-0.33281,-0.29903
PTPN6,-0.17025,-0.16558,-0.22719,-0.13741
TUBG1,-0.84769,-0.89118,-0.96962,-1.0171
SLC6A4,-0.20449,-0.20696,-0.26063,-0.2912
GRIK4,-0.13828,-0.11312,-0.19895,-0.26181
PARP1,-0.20019,-0.22761,-0.29192,-0.33037
PSMA8,-0.068836,-0.089364,-0.096274,-0.1252
NDUFAF4,-0.41038,-0.46729,-0.77603,-0.78113
AGTR1,-0.11952,-0.11015,-0.14156,-0.12265
PSMC1,-1.0798,-1.1174,-1.2164,-1.3169
CTSD,-0.10628,-0.042738,-0.16658,-0.15714
ACAT1,-0.079843,-0.13117,-0.052639,-0.11486
PDE6A,-0.10882,-0.06735,-0.16894,-0.1439
ABAT,-0.23026,-0.15884,-0.29553,-0.2318
HTR2C,-0.059254,-0.090695,-0.14186,-0.15993
GJB3,-0.22891,-0.20259,-0.2723,-0.23038
RYR2,-0.10448,-0.037622,-0.15201,-0.087213
LIMK1,-0.42879,-0.32213,-0.45191,-0.35315
KCNQ1,-0.18135,-0.14137,-0.21093,-0.19462
CHRNA2,-0.269,-0.28395,-0.37936,-0.33886
XDH,-0.15635,-0.08333,-0.16375,-0.17365
NDUFS7,-0.42307,-0.37518,-0.71364,-0.62536
CDC42BPA,-0.15589,-0.15094,-0.16025,-0.1751
PANX1,-0.12858,-0.118,-0.13276,-0.16786
GHR,-0.093389,-0.038985,-0.089718,-0.0057936
GRM2,-0.24755,-0.27087,-0.28159,-0.31239
WNK2,-0.26278,-0.2174,-0.27174,-0.26096
PIK3CD,-0.37003,-0.39177,-0.44773,-0.50214
NDUFA1,-0.8097,-0.77755,-1.456,-1.5084
ATP4B,-0.26738,-0.27351,-0.41906,-0.37119
RXRA,-0.11,-0.12062,-0.16544,-0.16194
BACE2,-0.087546,-0.14058,-0.10665,-0.15096
TUBB1,-0.54323,-0.59243,-0.56182,-0.63199
MAPK8,-0.097517,-0.11149,-0.12129,-0.14117
BAZ2B,-0.17459,-0.10943,-0.18486,-0.13032
TYMP,-0.22426,-0.16987,-0.24597,-0.2142
EGLN2,-0.036362,-0.13457,-0.13042,-0.1566
POLR2C,-1.9675,-1.7968,-2.1546,-2.1274
CRHR1,-0.24397,-0.31762,-0.28577,-0.30047
PDE3B,-0.053191,-0.11559,-0.099419,-0.13619
DDC,-0.23992,-0.23954,-0.27129,-0.33491
SLC10A1,-0.16916,-0.13976,-0.21266,-0.18596
MAP3K6,-0.20734,-0.20112,-0.2272,-0.22442
GRIK2,-0.27873,-0.21728,-0.3038,-0.21045
CXCL10,-0.15096,-0.055835,-0.19012,-0.025721
OXER1,-0.069799,-0.19423,-0.11098,-0.18809
PLK1,-1.8535,-2.0264,-2.2708,-2.4619
POLR3A,-2.5103,-2.5723,-2.7388,-2.916
RAPGEF4,-0.19185,-0.17829,-0.25827,-0.22677
CDK2,-0.49071,-0.49813,-0.65785,-0.6315
PRKX,-0.042504,-0.087527,-0.06293,-0.075346
PSEN1,-0.41011,-0.42188,-0.74572,-0.74552
FOLH1,-0.19034,-0.22405,-0.22207,-0.28737
TGFBR2,-0.065577,-0.030162,-0.066676,-0.081807
FCGR2A,-0.21203,-0.23899,-0.22053,-0.26054
PSMB10,-0.22691,-0.16381,-0.20657,-0.22563
MPO,-0.31574,-0.32042,-0.2982,-0.32184
IRAK3,-0.13004,-0.13645,-0.12265,-0.18743
CA1,-0.15279,-0.13807,-0.14727,-0.18236
MAP2K6,-0.24667,-0.23469,-0.35525,-0.32887
NDUFA13,-0.80254,-0.85602,-1.2443,-1.3036
SENP1,-0.14799,-0.10039,-0.15185,-0.093016
EGLN3,-0.024955,-0.080794,-0.10277,-0.13685
NDUFB9,-0.70189,-0.70523,-1.1376,-1.2313
BDKRB1,-0.16465,-0.19113,-0.24214,-0.2214
NDUFA6,-0.64994,-0.60766,-1.1262,-1.0971
PIK3C2G,-0.20601,-0.23615,-0.23312,-0.23083
BDKRB2,-0.2054,-0.1923,-0.234,-0.21555
BANF1,-1.9572,-1.8264,-2.0983,-2.1515
DYRK4,-0.10155,-0.11144,-0.13312,-0.13553
SV2A,-0.18562,-0.11251,-0.17715,-0.14798
IL1R1,-0.22973,-0.21349,-0.22003,-0.16405
MKNK2,-0.13416,-0.1571,-0.21693,-0.14206
NDUFA5,-0.40733,-0.39779,-0.56273,-0.60684
TNFRSF4,-0.1767,-0.12507,-0.23558,-0.22858
THOC5,-1.1077,-1.0585,-1.2295,-1.2498
MTOR,-1.1814,-1.1305,-1.4367,-1.3963
ADRA1A,-0.16024,-0.16402,-0.21638,-0.28124
MAP3K5,-0.10634,-0.12305,-0.14901,-0.18811
PLCG2,-0.19532,-0.24158,-0.24251,-0.29667
IDO1,-0.10731,-0.11071,-0.11854,-0.13027
NEK7,-0.064868,-0.019417,-0.062772,-0.070805
SGMS2,-0.26359,-0.30974,-0.33954,-0.42046
LOXL2,-0.25212,-0.16125,-0.28478,-0.25214
FGFR3,-0.19972,-0.22211,-0.33927,-0.39903
ENG,-0.24628,-0.30304,-0.29845,-0.32858
C5,-0.29902,-0.18673,-0.28696,-0.26001
RPE65,-0.16769,-0.10436,-0.15065,-0.11316
CARM1,-0.44264,-0.49238,-0.66889,-0.65489
LATS2,-0.32134,-0.34,-0.33784,-0.40542
CLU,-0.22659,-0.21149,-0.22395,-0.1456
PRKD3,-0.10467,-0.11724,-0.096455,-0.14741
QPCT,-0.10617,-0.042858,-0.13413,-0.077304
SELP,-0.19399,-0.16197,-0.19619,-0.17608
HCFC1,-1.3985,-1.3653,-1.7457,-1.7277
KCNH2,-0.29389,-0.2462,-0.31524,-0.30894
PKN1,-0.1578,-0.25756,-0.20616,-0.30028
PLK3,-0.1805,-0.11126,-0.17799,-0.19512
PDGFRA,-0.28996,-0.23226,-0.29638,-0.27538
MMP16,-0.12784,-0.14383,-0.12769,-0.21332
SSTR2,-0.11874,-0.071793,-0.18572,-0.18489
KCNJ2,-0.2052,-0.18196,-0.25846,-0.21212
VPS25,-1.4119,-1.397,-1.9037,-1.8349
SLC1A3,-0.11578,-0.059867,-0.11966,-0.16425
RPS6KA4,-0.28846,-0.26807,-0.31753,-0.3127
ARG1,-0.11209,-0.13883,-0.17712,-0.14285
MC4R,-0.1006,-0.076238,-0.1249,-0.11273
PDE7A,-0.23138,-0.18929,-0.22262,-0.21697
PDE1A,-0.18806,-0.085501,-0.22346,-0.095611
CDC7,-1.461,-1.4369,-1.8038,-1.7351
APCS,-0.19045,-0.19035,-0.19307,-0.23672
RAF1,-0.23517,-0.17186,-0.27949,-0.26904
PDE11A,-0.19761,-0.19372,-0.2891,-0.24323
CD3E,-0.27898,-0.25186,-0.45022,-0.56839
HRH4,-0.094067,-0.056749,-0.12845,-0.12135
BRD1,-0.28166,-0.34692,-0.71883,-0.70937
DIO1,-0.2454,-0.18021,-0.21739,-0.24647
CSRP2,-0.19403,-0.12013,-0.24741,-0.15299
CHRNA10,-0.24953,-0.24456,-0.26471,-0.28103
GRK4,-0.16873,-0.20583,-0.20754,-0.27436
SCN9A,-0.13434,-0.17133,-0.19341,-0.20175
MAPK11,-0.24745,-0.19059,-0.35503,-0.242
ADRA2A,-0.17204,-0.21346,-0.22514,-0.2377
FKBP1A,-0.74274,-0.71118,-1.3301,-1.1936
DPEP1,-0.24207,-0.17115,-0.40289,-0.33851
PSMA7,-1.5542,-1.5845,-1.6764,-1.7762
EPCAM,-0.075424,-0.060347,-0.083501,-0.066543
SLC29A4,-0.16931,-0.070514,-0.14403,-0.11468
MKNK1,-0.21094,-0.20495,-0.2565,-0.18992
NFKB2,-0.18196,-0.21088,-0.25992,-0.25408
TAOK1,-0.15679,-0.15501,-0.095721,-0.20146
PSME1,-0.28932,-0.26862,-0.30445,-0.27885
DEPTOR,-0.25005,-0.23941,-0.32875,-0.34832
CASP10,-0.28058,-0.2735,-0.21108,-0.36095
KCNC2,-0.33213,-0.24637,-0.32143,-0.28085
PLA2G2A,-0.14652,-0.12204,-0.13889,-0.11643
CTSG,-0.17689,-0.16455,-0.2297,-0.261
SLC44A1,-0.11571,-0.11816,-0.11767,-0.11897
PIK3CA,-0.1058,-0.12135,-0.19895,-0.18238
KCNG1,-0.18978,-0.27143,-0.25178,-0.36634
CASP14,-0.29261,-0.30088,-0.34839,-0.41359
EPHA5,-0.26476,-0.22367,-0.32393,-0.23883
AKT1S1,-0.23016,-0.32502,-0.28623,-0.45809
NOTCH1,-0.65402,-0.65873,-1.0874,-1.0659
LTA,-0.20208,-0.14865,-0.24685,-0.18862
IKBKE,-0.37514,-0.38036,-0.51812,-0.45016
TUBB2A,-0.14673,-0.1856,-0.27457,-0.28564
GGPS1,-1.792,-1.8554,-2.407,-2.5389
ILK,-0.12301,-0.12169,-0.16015,-0.16468
DRD1,-0.13041,-0.12709,-0.16809,-0.1063
PLA2G7,-0.11576,-0.16169,-0.20545,-0.23171
C9orf3,-0.11741,-0.15691,-0.10837,-0.17526
SLC22A11,-0.19219,-0.20841,-0.19749,-0.28436
SLC5A8,-0.12272,-0.11997,-0.1568,-0.12043
PSMF1,-1.076,-0.9612,-1.1882,-1.111
PAK1,-0.18835,-0.12857,-0.22329,-0.12823
TSSK2,-0.33,-0.24505,-0.36333,-0.22421
ANPEP,-0.12822,-0.11893,-0.17175,-0.19897
CD52,-0.19141,-0.13144,-0.2168,-0.14796
SLC17A9,-0.22839,-0.2114,-0.19335,-0.28391
PIM3,-0.35476,-0.34991,-0.5062,-0.55214
CYP2J2,-0.1641,-0.069879,-0.14018,-0.089242
SLC5A7,-0.086014,-0.074253,-0.14693,-0.1009
IGF2,-0.096198,-0.082137,-0.085145,-0.12464
ADAMTS1,-0.13236,-0.12805,-0.15696,-0.12918
NEK3,-0.03954,-0.045505,-0.00030935,-0.11736
STK24,-0.052288,-0.041232,-0.094272,-0.037691
ICE1,-0.88626,-0.92017,-1.1158,-0.94743
PDE5A,-0.13561,-0.14942,-0.12152,-0.1678
TNK1,-0.082981,-0.091418,-0.17295,-0.09904
ADCY6,-0.2937,-0.20449,-0.31417,-0.26094
RPS9,-1.6713,-1.6279,-1.98,-1.9867
CHEK2,-0.18144,-0.1514,-0.19566,-0.1909
PTGS1,-0.18259,-0.1778,-0.15705,-0.21671
NUAK1,-0.25541,-0.19993,-0.29142,-0.3536
CHRNG,-0.27309,-0.27618,-0.35257,-0.30679
KCNG3,-0.11835,-0.023485,-0.10904,-0.048922
BMX,-0.076593,-0.054972,-0.062559,-0.084839
CTSA,-0.21843,-0.25035,-0.21401,-0.34929
PSMB4,-2.3897,-2.3563,-2.4638,-2.4539
FGB,-0.14329,-0.19309,-0.2613,-0.22642
KCNS2,-0.13073,-0.17723,-0.17209,-0.23831
SCN4A,-0.23866,-0.22759,-0.27446,-0.25018
GSR,-0.16062,-0.062673,-0.11105,-0.084996
PAK2,-0.28025,-0.27672,-0.45068,-0.39263
KIF11,-2.0106,-2.0581,-2.1904,-2.2354
ADAM33,-0.19959,-0.21557,-0.18645,-0.23083
RAB27A,-0.12241,-0.13814,-0.12118,-0.14884
MMP9,-0.22513,-0.19841,-0.20215,-0.26321
GRPR,-0.086783,-0.061365,-0.16821,-0.072797
NR3C1,-0.16298,-0.17898,-0.15021,-0.25705
PAK6,-0.26997,-0.18646,-0.35061,-0.22605
CCKAR,-0.068523,-0.095154,-0.084318,-0.16482
P2RY2,-0.26946,-0.20611,-0.26909,-0.28195
TNFSF13B,-0.11737,-0.14043,-0.07261,-0.1589
PPAT,-1.3813,-1.3472,-1.6241,-1.539
PIK3C2B,-0.2011,-0.17362,-0.1968,-0.21809
TBXA2R,-0.18777,-0.2048,-0.24886,-0.35856
PSMC6,-1.8126,-1.8101,-2.0007,-2.0593
EPHA2,-0.36917,-0.25874,-0.36739,-0.2749
ESR2,-0.20751,-0.17855,-0.18396,-0.20238
PADI3,-0.29544,-0.26324,-0.36027,-0.30809
KDM5C,-0.13139,-0.15641,-0.12153,-0.21959
KIT,-0.13337,-0.28639,-0.20503,-0.32649
PROKR2,-0.28288,-0.20592,-0.36201,-0.31223
CSTF1,-0.75408,-0.79024,-1.0176,-1.0783
METAP2,-0.60491,-0.63666,-1.0792,-1.0396
KCNS1,-0.36369,-0.43504,-0.41265,-0.4918
PDE2A,-0.28917,-0.23969,-0.45057,-0.30026
ITPKA,-0.11865,-0.081852,-0.16267,-0.11643
MLYCD,-0.23834,-0.19703,-0.39468,-0.35273
ITPR3,-0.082887,-0.1653,-0.10106,-0.19416
TUBA1B,-1.9564,-2.0716,-2.4259,-2.3588
PIK3C2A,-0.13735,-0.19012,-0.14328,-0.20297
SPHK2,-0.25329,-0.27547,-0.37997,-0.33429
CLK1,-0.11679,-0.11683,-0.1502,-0.17529
SLC47A1,-0.26341,-0.21616,-0.34808,-0.3477
KLK7,-0.25241,-0.25431,-0.28236,-0.2728
KCNH7,-0.18659,-0.18556,-0.16761,-0.19574
BRS3,-0.081311,-0.13698,-0.053349,-0.07793
SIRT6,-0.19266,-0.17478,-0.21564,-0.27712
EGFR,-0.16768,-0.069944,-0.19199,-0.10075
TSSK1B,-0.18211,-0.20866,-0.27901,-0.18287
GAK,-1.0398,-1.0207,-1.2264,-1.3028
CPA1,-0.23219,-0.16382,-0.2736,-0.22103
CYP51A1,-0.17126,-0.26318,-0.25587,-0.29637
MAP4K4,-0.14409,-0.1105,-0.14025,-0.11642
DCLK2,-0.21165,-0.23665,-0.30648,-0.2625
GPR139,-0.1223,-0.18283,-0.14667,-0.24247
PDE4C,-0.1988,-0.23233,-0.21714,-0.2564
TRPV1,-0.36162,-0.26867,-0.4975,-0.39209
KCNG2,-0.1129,-0.19116,-0.17796,-0.24089
NOTCH3,-0.28001,-0.27075,-0.28221,-0.27523
HDAC9,-0.14951,-0.13531,-0.20333,-0.19505
CACNB4,-0.17002,-0.16318,-0.1735,-0.23013
ERAP2,-0.1443,-0.17009,-0.1873,-0.30692
ENTPD2,-0.1948,-0.15529,-0.23775,-0.21632
DPP9,-0.18682,-0.21437,-0.28958,-0.34126
VIPR2,-0.2283,-0.21617,-0.2845,-0.25016
LTB4R2,-0.3147,-0.26558,-0.32073,-0.30676
CD274,-0.077021,-0.097435,-0.10875,-0.12194
ABCC8,-0.20013,-0.2052,-0.22888,-0.21216
MDM2,-0.099932,-0.097658,-0.17922,-0.19005
FGF1,-0.17446,-0.18105,-0.14263,-0.1656
CYP11A1,-0.30007,-0.19464,-0.43214,-0.25941
ALOX15B,-0.24339,-0.28451,-0.31249,-0.33276
PI4K2A,-0.11974,-0.18123,-0.14832,-0.20641
BCL2,-0.247,-0.25392,-0.34454,-0.3617
GHRHR,-0.11372,-0.15497,-0.21421,-0.14567
NDUFV2,-0.36249,-0.36128,-0.62247,-0.65459
ABCC2,-0.28789,-0.20565,-0.33681,-0.25814
LIMK2,-0.20782,-0.20779,-0.28036,-0.25653
SLC12A6,-0.21946,-0.12438,-0.28647,-0.17942
TUBA3D,-0.40238,-0.36131,-0.47366,-0.45961
GRK7,-0.22821,-0.24903,-0.23867,-0.26157
CACNA2D4,-0.29477,-0.16394,-0.26751,-0.18699
RPS11,-1.8738,-1.8743,-2.2228,-2.2174
ALG2,-1.4421,-1.3461,-2.0191,-1.9938
GSK3B,-0.052087,-0.033046,-0.0070544,-0.033635
GRIN2B,-0.16661,-0.15277,-0.22295,-0.22902
CA5B,-0.346,-0.26792,-0.38942,-0.31053
TBK1,-0.23719,-0.11989,-0.25645,-0.11724
EPHA4,-0.12078,-0.17273,-0.12694,-0.22188
KDM5A,-0.059795,-0.060148,-0.21941,-0.10034
SBK3,-0.17857,-0.23163,-0.20005,-0.32528
RARG,-0.26925,-0.23674,-0.24066,-0.2913
ART1,-0.19713,-0.14756,-0.22281,-0.21541
SLC10A2,-0.033928,-0.12251,-0.077366,-0.22323
SNCA,-0.083847,-0.075369,-0.096121,-0.10737
GABRA4,-0.094349,-0.12281,-0.15192,-0.068026
CYP11B2,-0.11112,-0.14124,-0.15375,-0.17046
ABL1,-0.21781,-0.23394,-0.26217,-0.22607
WNK1,-1.249,-1.1516,-1.3923,-1.3742
PTEN,-0.23907,-0.19006,-0.29375,-0.20769
CSNK1A1,-0.37091,-0.24351,-0.62394,-0.61365
EDNRA,-0.071881,-0.13176,-0.15846,-0.1221
ARG2,-0.084662,-0.11065,-0.086262,-0.17856
MMP25,-0.16107,-0.22244,-0.21478,-0.29695
KCNA3,-0.18661,-0.14796,-0.2247,-0.19434
MRPL34,-0.77948,-0.7157,-1.0714,-1.0317
ADAMTS5,-0.23975,-0.17689,-0.33761,-0.22743
SLC22A8,-0.27326,-0.21364,-0.23806,-0.21895
GGCX,-0.27355,-0.30478,-0.32077,-0.3907
FZD8,-0.21746,-0.20619,-0.26904,-0.27546
ADAM10,-0.26698,-0.24695,-0.45513,-0.39534
SCN11A,-0.2111,-0.2016,-0.24501,-0.24286
HTR3C,-0.3257,-0.24918,-0.302,-0.26012
FXYD2,-0.11142,-0.09547,-0.11641,-0.15346
AQP5,-0.46329,-0.52279,-0.53835,-0.56576
PTHLH,-0.25331,-0.23738,-0.2126,-0.24335
HTR1B,-0.20546,-0.25891,-0.31627,-0.24305
GZMB,-0.27731,-0.18698,-0.2837,-0.28319
HDAC2,-0.030076,-0.044985,-0.027845,-0.05691
EPHB1,-0.2562,-0.18956,-0.31869,-0.20539
PSMB8,-0.26011,-0.1995,-0.34954,-0.30492
PSMD13,-0.88734,-0.83792,-1.192,-1.0854
RPL4,-1.5985,-1.6047,-2.2261,-2.2181
CTH,-0.12854,-0.07933,-0.12858,-0.10604
PSMD10,-0.077088,-0.14346,-0.077726,-0.19398
MAPKAPK3,-0.18034,-0.20949,-0.23835,-0.21679
IL13,-0.060483,-0.07881,-0.12116,-0.10015
MAP4K3,-0.11702,-0.12599,-0.17933,-0.13819
NPEPL1,-0.21675,-0.22736,-0.23546,-0.35878
LY96,-0.062823,-0.10978,-0.12268,-0.18595
MC1R,-0.15865,-0.27959,-0.20575,-0.37955
ADCY5,-0.25634,-0.19296,-0.3687,-0.27995
COPS6,-0.76954,-0.77968,-0.9225,-0.9759
TASP1,-0.12916,-0.13667,-0.28526,-0.34725
KCNJ14,-0.25803,-0.13772,-0.24863,-0.23854
CDK11B,-0.95453,-0.90274,-1.1269,-1.1
ALAD,-0.21913,-0.14742,-0.40877,-0.31902
ORAI1,-0.056131,-0.087122,-0.07029,-0.092527
HPGD,-0.023214,-0.023032,-0.05825,-0.068231
METAP1D,-0.3593,-0.35766,-0.37645,-0.36063
KAT5,-1.6171,-1.533,-1.7157,-1.5872
IGF1,-0.20182,-0.18669,-0.15978,-0.18119
FBP1,-0.22444,-0.16287,-0.23653,-0.22964
SPATA5,-0.81897,-0.95636,-1.0637,-1.1342
KCNK3,-0.079913,-0.17431,-0.13251,-0.14961
IDI1,-0.80644,-0.73928,-0.85654,-0.81095
CDK3,-0.30616,-0.2427,-0.38501,-0.26594
BCAT2,-0.20813,-0.13718,-0.18247,-0.17254
ERBB2,-0.24209,-0.26845,-0.27166,-0.2676
IL1B,-0.20772,-0.20014,-0.25582,-0.22959
LCK,-0.56794,-0.65066,-0.94503,-0.88188
NDUFS5,-0.79641,-0.83691,-1.2897,-1.4191
RPL11,-1.1337,-1.1584,-1.5065,-1.4819
ADRB3,-0.12392,-0.16992,-0.16138,-0.21276
P4HB,-0.18184,-0.19981,-0.19272,-0.28772
MAPK12,-0.21483,-0.19426,-0.27859,-0.26322
SERPINE1,-0.12562,-0.20181,-0.13804,-0.24035
SRC,-0.21507,-0.221,-0.27291,-0.24797
PLA2G1B,-0.15978,-0.073696,-0.10065,-0.081312
ATM,-0.22188,-0.16123,-0.40688,-0.36062
KCNN2,-0.23357,-0.1484,-0.34971,-0.20122
CTGF,-0.21067,-0.11666,-0.20663,-0.16312
CYP3A4,-0.14454,-0.027542,-0.12858,-0.11499
SUV39H1,-0.1184,-0.14828,-0.083617,-0.19695
MAT2A,-1.9304,-1.9597,-2.0943,-2.1012
STS,-0.13372,-0.060437,-0.20735,-0.1537
HTR5A,-0.13781,-0.18876,-0.22106,-0.26472
TPH2,-0.23863,-0.27323,-0.26846,-0.33781
PFKFB3,-0.23766,-0.27383,-0.32189,-0.34501
SNAP25,-0.13035,-0.056998,-0.16669,-0.11155
CASR,-0.28738,-0.2918,-0.33032,-0.32027
FGG,-0.12271,-0.053331,-0.11431,-0.091883
MC2R,-0.14781,-0.24812,-0.17441,-0.2601
C21orf33,-0.13642,-0.186,-0.19062,-0.31102
WDR75,-1.264,-1.3113,-1.5738,-1.7416
PDGFB,-0.11539,-0.12397,-0.22046,-0.19757
GABRA5,-0.091527,-0.10169,-0.1416,-0.10767
KCNN4,-0.20679,-0.26452,-0.2436,-0.30451
OPRK1,-0.21831,-0.18352,-0.27801,-0.19709
IL17A,-0.37695,-0.35748,-0.32462,-0.36085
DCLK1,-0.20187,-0.17365,-0.2325,-0.21167
XPNPEP2,-0.074595,-0.055465,-0.093437,-0.15316
KCNV1,-0.19947,-0.22657,-0.24345,-0.26229
CDK15,-0.22886,-0.23447,-0.28836,-0.32087
DHFR,-2.1817,-2.1952,-2.8028,-2.8028
F8,-0.13345,-0.15164,-0.15898,-0.19386
TRAP1,-0.5246,-0.47589,-0.62875,-0.52987
SCN3A,-0.18197,-0.097444,-0.12549,-0.15478
CDK10,-0.35429,-0.30047,-0.57167,-0.61829
RXRB,-0.20306,-0.23309,-0.21779,-0.30752
NLK,-0.15868,-0.11619,-0.22261,-0.20041
PCSK2,-0.15933,-0.22358,-0.16291,-0.31237
BRD7,-0.32949,-0.27267,-0.3175,-0.43538
ITGB2,-0.27921,-0.31944,-0.45308,-0.41911
GRIA4,-0.13735,-0.081616,-0.15274,-0.13272
ATP1B3,-1.1574,-1.186,-1.4296,-1.4623
APH1B,-0.19224,-0.19301,-0.21053,-0.26987
ABCB4,-0.16581,-0.137,-0.20458,-0.27616
AOAH,-0.1458,-0.13025,-0.13139,-0.21147
KCNQ4,-0.30746,-0.24828,-0.32698,-0.34061
PPME1,-0.20319,-0.14025,-0.21852,-0.18082
TOP2B,-0.11997,-0.11204,-0.24114,-0.19043
ICAM3,-0.22853,-0.18117,-0.2519,-0.18814
KCND3,-0.26452,-0.25489,-0.3065,-0.24611
LRRK2,-0.28406,-0.24562,-0.2788,-0.25107
PROC,-0.47518,-0.48575,-0.52864,-0.51457
GABRR2,-0.1686,-0.15786,-0.25007,-0.18177
RPS6KB2,-0.14716,-0.18092,-0.21183,-0.20374
PIK3R6,-0.21374,-0.15295,-0.22066,-0.18709
P2RY14,-0.17478,-0.15788,-0.18947,-0.19913
PTK2,-0.1684,-0.21947,-0.15612,-0.23886
HTR1F,-0.19545,-0.16286,-0.19169,-0.16198
EPHA3,-0.19715,-0.24948,-0.19316,-0.22056
AQP7,-0.65378,-0.65628,-0.69736,-0.61394
GSK3A,-0.11641,-0.15272,-0.10414,-0.188
FDFT1,-0.20052,-0.29583,-0.34533,-0.46357
MMP10,-0.1479,-0.088773,-0.19509,-0.070669
PRKACG,-0.072968,-0.080668,-0.12076,-0.14902
CYP2B6,-0.14687,-0.12631,-0.16434,-0.15652
MMP13,-0.26031,-0.14227,-0.26078,-0.20733
CYP1A2,-0.14528,-0.18709,-0.21704,-0.24007
BRSK1,-0.32153,-0.27519,-0.40616,-0.33343
GABRB2,-0.086424,-0.11271,-0.10512,-0.12109
CALCB,-0.23094,-0.21931,-0.26575,-0.26029
MAP3K12,-0.16255,-0.15829,-0.2015,-0.10391
PHKG2,-0.47991,-0.45563,-0.48669,-0.45441
PNLIP,-0.14083,-0.086801,-0.15252,-0.15508
POLR1B,-1.3883,-1.4518,-1.8267,-1.8761
PSMC2,-0.9159,-0.94019,-1.0884,-1.042
SLC6A19,-0.1047,-0.084104,-0.094157,-0.16925
MADCAM1,-0.29762,-0.20744,-0.30219,-0.2864
LPAR5,-0.14669,-0.16417,-0.23565,-0.22252
FES,-0.11089,-0.17201,-0.07699,-0.30387
CACNA2D2,-0.4159,-0.25811,-0.46038,-0.3182
EIF5,-1.9627,-1.7181,-2.183,-2.1352
P2RX3,-0.30789,-0.31991,-0.324,-0.37258
SRMS,-0.29244,-0.21908,-0.40684,-0.26304
PTPRS,-0.25244,-0.28266,-0.33496,-0.35084
FAP,-0.11311,-0.07254,-0.15076,-0.11081
CDK17,-0.10808,-0.076317,-0.12953,-0.15371
DGAT1,-0.33483,-0.29123,-0.42471,-0.36659
SSTR3,-0.22062,-0.2142,-0.27978,-0.25521
TUBB3,-0.64553,-0.62094,-0.74896,-0.7937
FGR,-0.25537,-0.15489,-0.2866,-0.21103
MAP3K1,-0.20039,-0.25331,-0.23674,-0.24057
NR1D1,-0.17113,-0.16402,-0.12637,-0.15522
EED,-0.29755,-0.24596,-0.84805,-0.85532
PIK3R3,-0.11535,-0.15479,-0.069818,-0.082806
DLX3,-0.095475,-0.10874,-0.11843,-0.10888
PRKACA,-0.37961,-0.24496,-0.31947,-0.2631
VEGFB,-0.25659,-0.18391,-0.2921,-0.3355
HTR3D,-0.28191,-0.16877,-0.33014,-0.20865
CD28,-0.089222,-0.11593,-0.1449,-0.1441
TMPRSS11D,-0.2264,-0.18537,-0.23949,-0.1812
PRRT2,-0.17707,-0.090213,-0.21192,-0.11035
ABCG2,-0.19191,-0.13545,-0.18401,-0.21437
NPFFR1,-0.22455,-0.24851,-0.28462,-0.32742
HTR3B,-0.2688,-0.26166,-0.22353,-0.3534
SERPINA1,-0.20526,-0.16738,-0.2184,-0.19953
IL17RA,-0.2753,-0.23433,-0.21932,-0.2602
FER,-0.21786,-0.12555,-0.16556,-0.19179
KAT8,-1.3831,-1.4213,-1.8171,-1.8423
ALDH5A1,-0.25012,-0.20034,-0.29742,-0.27708
CYP1A1,-0.20887,-0.23874,-0.29299,-0.29536
ALPL,-0.25599,-0.35952,-0.31005,-0.34708
CACNA2D1,-0.097915,-0.13699,-0.074369,-0.18804
GRM6,-0.17723,-0.16562,-0.21445,-0.21571
HSPA8,-1.6129,-1.4841,-1.6378,-1.8112
MMP12,-0.20382,-0.17298,-0.25885,-0.27768
PRTN3,-0.19753,-0.23481,-0.27063,-0.26291
FOLR1,-0.25365,-0.19645,-0.25493,-0.26819
AARS,-1.6358,-1.7491,-2.0034,-2.0726
DEGS1,-0.079873,-0.085506,-0.086368,-0.18072
FURIN,-0.14279,-0.17775,-0.26654,-0.35869
PDRG1,-1.4419,-1.3692,-1.7214,-1.7391
ACACA,-0.37488,-0.31319,-0.57107,-0.36025
F2,-0.28657,-0.2756,-0.28421,-0.23444
CAMKK1,-0.33017,-0.27595,-0.35441,-0.30361
PLA2G2E,-0.24881,-0.14263,-0.24849,-0.17255
PSEN2,-0.10993,-0.16143,-0.099386,-0.19492
PIM2,-0.25451,-0.18886,-0.33696,-0.28195
CPB2,-0.14557,-0.090493,-0.14168,-0.056669
DAPK1,-0.22841,-0.23577,-0.23569,-0.27503
CNGA3,-0.40671,-0.38706,-0.48678,-0.44096
KCNA1,-0.27242,-0.26812,-0.27958,-0.26383
IGBP1,-1.6554,-1.5902,-1.8469,-1.7505
KDM2A,-0.84188,-0.83412,-1.6358,-1.4631
HSPA5,-1.8431,-1.8541,-1.9021,-1.9274
OPRD1,-0.17063,-0.19854,-0.17366,-0.26152
CTSK,-0.16206,-0.28821,-0.22626,-0.28707
SUCNR1,-0.15815,-0.24002,-0.16676,-0.23452
ADRM1,-0.31825,-0.29076,-0.49953,-0.45037
PDK4,-0.12624,-0.069806,-0.14203,-0.14345
GABRA3,-0.036267,-0.086777,-0.076931,-0.13767
INSR,-0.23271,-0.15843,-0.24159,-0.16114
DRD5,-0.20593,-0.15812,-0.19687,-0.20297
SSTR1,-0.11851,-0.21841,-0.20774,-0.23795
KEAP1,-0.30507,-0.23479,-0.2605,-0.25531
FLT4,-0.31207,-0.21722,-0.30048,-0.29726
NDUFB4,-0.76456,-0.6474,-1.2655,-1.0497
FGF2,-0.10508,-0.15107,-0.12531,-0.26022
CDK16,-0.070108,-0.050433,-0.14314,-0.076296
ESRRG,-0.17519,-0.11754,-0.21532,-0.17614
PIK3C3,-0.55907,-0.55152,-1.0504,-1.1543
SLC6A12,-0.17514,-0.23525,-0.30583,-0.38931
SMC3,-1.5711,-1.5382,-1.9851,-1.9556
LGMN,-0.24479,-0.21583,-0.32411,-0.26909
TPO,-0.088056,-0.08498,-0.13742,-0.15556
MAPK13,-0.38029,-0.30222,-0.40855,-0.36856
CTSE,-0.24978,-0.24598,-0.29533,-0.30348
CYP2D6,-0.065837,-0.036366,-0.10072,-0.073869
CDK6,-1.5005,-1.4669,-2.138,-2.2325
P4HTM,-0.17378,-0.32764,-0.24254,-0.40543
ITGA4,-0.27529,-0.19008,-0.33187,-0.17301
PLAU,-0.22109,-0.15361,-0.20209,-0.20549
ENTPD1,-0.24965,-0.2972,-0.27304,-0.27555
KCNJ10,-0.22796,-0.23162,-0.25231,-0.23629
IFNG,-0.15989,-0.1192,-0.12949,-0.19358
WEE1,-1.2857,-1.261,-1.3419,-1.3388
HIPK1,-0.19939,-0.23734,-0.22304,-0.32186
POLA1,-1.3119,-1.0698,-1.3495,-1.2353
SIK1,-0.14332,-0.17854,-0.22909,-0.19476
SLC22A2,-0.1395,-0.17312,-0.22999,-0.21381
CD14,-0.17856,-0.12861,-0.24061,-0.17498
KCNH1,-0.16366,-0.19716,-0.24623,-0.23137
PDE7B,-0.10148,-0.20428,-0.084409,-0.24154
ADRA2C,-0.17966,-0.20239,-0.31615,-0.22714
ISG15,-0.10825,-0.1505,-0.13109,-0.17056
CACNA1S,-0.2251,-0.17608,-0.30306,-0.25753
NDUFA12,-0.1566,-0.11726,-0.17367,-0.14066
SLC8A3,-0.3232,-0.33613,-0.33253,-0.38675
PSMA1,-1.5694,-1.4762,-1.7058,-1.6861
PSENEN,-0.59284,-0.50265,-0.9431,-0.98642
PCSK5,-0.20398,-0.16843,-0.20274,-0.12996
S1PR2,-0.21258,-0.21055,-0.27446,-0.20092
NLRP3,-0.17952,-0.14266,-0.23623,-0.17757
PSMB7,-1.5589,-1.5843,-1.754,-1.7644
KLK5,-0.30536,-0.26346,-0.37111,-0.35716
UPF1,-0.9784,-0.9207,-1.0975,-1.053
SLCO1A2,-0.21301,-0.18704,-0.17674,-0.18983
CD248,-0.19015,-0.13162,-0.23215,-0.13118
KLK4,-0.13869,-0.085881,-0.17859,-0.083533
CACNA1A,-0.20405,-0.17599,-0.18638,-0.24638
HDAC6,-0.11635,-0.06159,-0.12521,-0.11719
ITGA2B,-0.35803,-0.25635,-0.40963,-0.3023
DCPS,-0.4155,-0.47398,-1.5355,-1.6886
CELA1,-0.33587,-0.24858,-0.35076,-0.27001
PRKCH,-0.19222,-0.18181,-0.29218,-0.22789
SLCO1C1,-0.11358,-0.16722,-0.12308,-0.16012
MAPKAPK5,-0.37186,-0.37673,-0.60834,-0.64077
CASP3,-0.14542,-0.14752,-0.16619,-0.17906
PRKCD,-0.30136,-0.18438,-0.36331,-0.24682
GJA5,-0.27858,-0.30132,-0.31389,-0.27964
MGAM,-0.19704,-0.19299,-0.2464,-0.22838
CCR2,-0.14998,-0.069816,-0.12432,-0.082164
SERPINF1,-0.10275,-0.17343,-0.13817,-0.16822
CECR2,-0.23415,-0.27081,-0.24029,-0.30521
ATP6V1A,-1.5758,-1.4762,-1.7645,-1.6522
PAH,-0.24735,-0.16322,-0.24199,-0.15676
DMPK,-0.19823,-0.22803,-0.22766,-0.2642
AQP3,-0.19295,-0.17329,-0.24141,-0.18726
BIRC5,-1.3903,-1.5281,-2.4577,-2.42
BRD2,-0.56646,-0.49085,-0.88986,-0.82551
PTGER2,-0.24466,-0.22814,-0.28757,-0.32189
PDK2,-0.38231,-0.35749,-0.44425,-0.40974
MAP3K14,-0.24555,-0.22181,-0.30156,-0.29483
AKT1,-0.40649,-0.40097,-0.61396,-0.55779
JUN,-0.13261,-0.090945,-0.12676,-0.10373
ADORA2B,-0.19494,-0.14948,-0.15765,-0.16365
C5AR1,-0.085198,-0.13385,-0.18836,-0.15959
PDK1,-0.19214,-0.23973,-0.22841,-0.26659
RPS8,-2.5739,-2.5161,-3.0312,-2.8627
NDUFA9,-0.56909,-0.60958,-1.1285,-0.93087
PTGDR,-0.25527,-0.21568,-0.32118,-0.29036
HTR4,-0.14431,-0.15346,-0.13605,-0.15038
MYLK,-0.25446,-0.23189,-0.32578,-0.22306
BMP10,-0.1688,-0.16625,-0.16178,-0.20742
CPB1,-0.23887,-0.23932,-0.23289,-0.21208
CAPN2,-0.23033,-0.13559,-0.31887,-0.1731
CMA1,-0.1954,-0.24476,-0.22128,-0.26838
IL6ST,-0.13538,-0.12962,-0.15617,-0.16376
GRIK3,-0.32486,-0.36058,-0.36088,-0.41971
ACHE,-0.27252,-0.17874,-0.34058,-0.29633
TXNRD1,-0.38238,-0.38456,-0.56197,-0.62309
ABCA1,-0.20742,-0.11964,-0.18165,-0.15824
PIK3CG,-0.26876,-0.222,-0.36343,-0.28642
ADRA2B,-0.24916,-0.21357,-0.21833,-0.31086
RIPK2,-0.17378,-0.086378,-0.18017,-0.19244
HSPB1,-0.053958,-0.07285,-0.13055,-0.15133
PTGS2,-0.13619,-0.1145,-0.13469,-0.16703
ALDH2,-0.30608,-0.22089,-0.28955,-0.27967
CTLA4,-0.14994,-0.10641,-0.19335,-0.16095
NDUFC2,-0.58142,-0.51108,-0.90344,-0.75413
SLAMF7,-0.17692,-0.14096,-0.15345,-0.18947
ATR,-0.74734,-0.65146,-0.97581,-0.81915
ANO1,-0.28957,-0.2967,-0.31529,-0.28369
DOT1L,-0.20659,-0.22204,-0.46482,-0.59743
HRAS,-0.26305,-0.22647,-0.35358,-0.27966
SMO,-0.17456,-0.20362,-0.25014,-0.23088
GRIN2C,-0.37011,-0.24009,-0.38926,-0.32796
PSME2,-0.34124,-0.35879,-0.43221,-0.43831
CSNK2A2,-0.1018,-0.093366,-0.094188,-0.11224
CYP4F2,-0.26472,-0.23121,-0.27022,-0.25411
MST1R,-0.29828,-0.31872,-0.33814,-0.36149
PLA2G5,-0.14181,-0.099082,-0.16248,-0.12281
RBX1,-1.2678,-1.3719,-1.5568,-1.5735
HTR7,-0.20537,-0.21091,-0.31302,-0.234
CPN1,-0.13956,-0.15275,-0.15293,-0.18913
BCL2L10,-0.29022,-0.26039,-0.33907,-0.30311
NDUFB5,-0.55557,-0.55544,-0.81756,-0.87523
KCNJ5,-0.19589,-0.16144,-0.28867,-0.20972
PRCP,-0.16208,-0.17288,-0.1796,-0.20205
STAT1,-0.064198,-0.032036,-0.10803,-0.087738
BCL2L1,-1.0255,-0.94888,-1.3324,-1.1808
SOD1,-0.90386,-0.92837,-1.4141,-1.4351
SLC1A7,-0.30269,-0.32383,-0.28931,-0.29959
APH1A,-0.22786,-0.20812,-0.2621,-0.31696
PDE6C,-0.10083,-0.08128,-0.1736,-0.10987
RPL37A,-1.4406,-1.4681,-1.8401,-1.9635
CHRNE,-0.27383,-0.29413,-0.30728,-0.33081
STK36,-0.15949,-0.2462,-0.2358,-0.2653
CCR3,-0.11766,-0.12021,-0.1886,-0.20289
ELANE,-0.17321,-0.22324,-0.24276,-0.296
KCNH4,-0.47226,-0.39628,-0.5057,-0.45364
JAK1,-0.25328,-0.28484,-0.35954,-0.32979
MC3R,-0.14704,-0.23809,-0.15813,-0.20726
PIP5K1A,-0.3852,-0.2935,-0.49869,-0.40632
PRKCB,-0.13477,-0.13366,-0.16064,-0.17863
CACNG1,-0.16836,-0.21647,-0.14417,-0.24325
ALMS1,-0.18141,-0.19625,-0.18592,-0.19869
GJA1,-0.21458,-0.17377,-0.18515,-0.26476
KDM6A,-0.28671,-0.17473,-0.2778,-0.237
THRA,-0.29626,-0.28525,-0.37037,-0.32037
ATP2A2,-1.33,-1.4647,-2.1819,-2.3325
HPGDS,-0.081746,-0.1695,-0.089625,-0.13102
SLC1A5,-0.17525,-0.13238,-0.23943,-0.14916
IL9,-0.13709,-0.12085,-0.17111,-0.18699
EIF2AK1,-0.11431,-0.092948,-0.1641,-0.13746
TEP1,-0.2741,-0.19147,-0.28004,-0.25411
GPER1,-0.19861,-0.16432,-0.24728,-0.26666
MAP2K4,-0.13534,-0.071558,-0.11267,-0.057494
CYP2A6,-0.22245,-0.22447,-0.266,-0.26638
SLC9A5,-0.24695,-0.22944,-0.26619,-0.28856
ICAM1,-0.20804,-0.17102,-0.25047,-0.20215
F12,-0.17747,-0.25596,-0.32027,-0.33728
PCSK9,-0.2991,-0.33104,-0.35709,-0.41186
SLC32A1,-0.18307,-0.1751,-0.21358,-0.29289
CACNB1,-0.1927,-0.13933,-0.20303,-0.15136
HTR1D,-0.42643,-0.30791,-0.36235,-0.35629
SSTR5,-0.087104,-0.15345,-0.083017,-0.23339
MINK1,-0.32545,-0.33651,-0.34899,-0.40795
TAAR1,-0.063042,-0.078179,-0.078044,-0.11191
TTK,-1.3485,-1.335,-1.488,-1.541
DNPEP,-0.1096,-0.21485,-0.20183,-0.32785
TLR9,-0.22118,-0.17432,-0.26972,-0.23584
HTR1A,-0.18114,-0.22918,-0.20674,-0.31996
KMO,-0.14023,-0.14567,-0.16081,-0.19988
TESK1,-0.27099,-0.26932,-0.30587,-0.39761
MAP2K3,-0.22919,-0.18792,-0.26359,-0.17497
FDPS,-0.86843,-0.81581,-1.3769,-1.2357
SLC6A14,-0.098829,-0.086026,-0.14007,-0.079229
BPTF,-0.55707,-0.67147,-0.99025,-0.97339
BCR,-0.15399,-0.13564,-0.23774,-0.19217
CCND1,-0.17373,-0.1765,-0.20112,-0.27068
HRH1,-0.2537,-0.1575,-0.25676,-0.21967
SGK2,-0.1976,-0.18294,-0.24549,-0.2482
DGAT2,-0.23025,-0.22746,-0.23245,-0.33138
FNTA,-1.0746,-1.1643,-1.3521,-1.468
DYRK3,-0.070392,-0.068227,-0.09408,-0.12584
SLC6A9,-0.23192,-0.20303,-0.18745,-0.21304
ADRB2,-0.12355,-0.088513,-0.062221,-0.12962
SRP72,-0.45046,-0.49659,-0.67642,-0.82245
OXSR1,-0.072711,-0.086719,-0.12686,-0.11683
AURKC,-0.30451,-0.25121,-0.30038,-0.32299
PROKR1,-0.14828,-0.14832,-0.18362,-0.17552
NDUFS1,-0.77214,-0.79421,-1.2376,-1.3832
SRPK3,-0.12779,-0.23393,-0.14145,-0.2397
PRKD2,-0.26559,-0.26226,-0.31064,-0.30848
ALOX5AP,-0.24958,-0.23455,-0.37999,-0.29609
TP53,-0.15222,-0.17662,-0.14626,-0.21915
P2RY11,-0.12446,-0.1909,-0.092918,-0.18388
RPS6KA6,-0.06826,-0.0033785,-0.13881,0.0058983
MAOA,-0.044957,-0.062296,-0.087969,-0.13715
YARS2,-0.85593,-0.86243,-1.8893,-2.0614
KCNK9,-0.19753,-0.25043,-0.28987,-0.29545
NDUFS8,-0.79791,-0.70182,-1.2947,-1.2535
CD2,-0.17581,-0.14847,-0.20121,-0.1694
TBCD,-1.1292,-1.166,-1.3854,-1.2934
IRAK4,-0.070131,-0.095743,-0.033315,-0.11281
ERG,-0.19754,-0.2165,-0.25762,-0.24045
PSMB3,-1.9977,-1.9174,-2.0801,-2.2099
LVRN,-0.14217,-0.091691,-0.19367,-0.1694
RAD51,-1.8428,-1.9052,-2.1073,-2.1334
NDUFV1,-0.96689,-0.99116,-1.6532,-1.7729
ROCK1,-0.078609,-0.10469,-0.081121,-0.11809
CACNB2,-0.18159,-0.14642,-0.13322,-0.15786
GRIN3B,-0.10057,-0.11503,-0.15985,-0.22066
PASK,-0.24964,-0.24595,-0.36201,-0.32569
CA7,-0.16142,-0.18229,-0.17248,-0.22832
IMPDH2,-1.9675,-1.8582,-2.5563,-2.3222
SLC36A1,-0.10084,-0.13163,-0.10737,-0.052728
KCNA5,-0.14639,-0.18375,-0.20522,-0.23523
KCNC3,-0.096047,-0.16648,-0.18063,-0.19392
SPHK1,-0.1237,-0.12416,-0.10459,-0.2402
RRM1,-1.9778,-1.9208,-2.3078,-2.3149
RCE1,-0.18262,-0.14428,-0.12388,-0.19444
KCNK13,-0.24456,-0.15643,-0.30368,-0.27496
TUBB8,-1.1451,-1.0981,-1.3831,-1.4938
ACR,-0.40096,-0.39645,-0.67773,-0.55297
SERPINC1,-0.21282,-0.18306,-0.21834,-0.214
NDUFA10,-0.5323,-0.49422,-0.79226,-0.89048
RPS6KA3,-0.059314,0.01727,-0.18847,-0.042693
CNR1,-0.11268,-0.12243,-0.12288,-0.078587
PRPF6,-1.3495,-1.3467,-1.4232,-1.4895
PI4K2B,-0.13933,-0.13403,-0.16279,-0.15405
PCSK4,-0.23668,-0.25266,-0.32749,-0.34519
SCN5A,-0.23317,-0.11158,-0.22788,-0.23364
PREP,-0.17404,-0.12637,-0.24049,-0.17638
HTR2A,-0.13684,-0.044247,-0.18013,-0.09681
ABHD6,-0.19821,-0.068189,-0.14318,-0.14491
SRD5A3,-0.23274,-0.1833,-0.41164,-0.51221
TUBB4B,-0.64234,-0.68801,-0.87655,-0.80366
BMP2K,-0.044729,-0.072364,-0.10318,-0.051789
CPT2,-0.2811,-0.27274,-0.27348,-0.2543
PPWD1,-1.3893,-1.367,-1.6061,-1.6472
GRIA2,-0.26443,-0.18365,-0.30261,-0.17817
TACR3,-0.056398,-0.12428,-0.061455,-0.14706
ITPR1,-0.21764,-0.20035,-0.27407,-0.29593
HSP90AB1,-0.41639,-0.44796,-0.52975,-0.54215
INPPL1,-0.39066,-0.35918,-0.45376,-0.44143
CHEK1,-2.2806,-2.3908,-2.3579,-2.5899
ZACN,-0.40238,-0.39477,-0.45029,-0.36633
CDK9,-1.2426,-1.3497,-1.6247,-1.6601
HPSE,-0.25006,-0.17514,-0.19543,-0.20101
LTC4S,-0.1087,-0.15672,-0.17849,-0.2067
PTGIR,-0.11057,-0.16552,-0.12014,-0.2193
GRIK1,-0.26391,-0.25549,-0.29016,-0.28506
TNFSF11,-0.26199,-0.17489,-0.31035,-0.24107
NPR3,-0.18058,-0.13416,-0.21887,-0.20888
AQP2,-0.16503,-0.16096,-0.18996,-0.23248
METAP1,-0.36845,-0.33038,-0.68501,-0.65773
AURKB,-1.9628,-1.7192,-2.5216,-2.5569
CASP4,-0.082436,-0.096692,-0.15377,-0.16899
STK33,-0.1238,-0.10701,-0.18828,-0.1151
CETP,-0.22212,-0.22454,-0.29159,-0.27548
PADI4,-0.27353,-0.18715,-0.35013,-0.26525
HSD11B1,-0.18629,-0.23453,-0.19526,-0.29777
SLC5A11,-0.25424,-0.18901,-0.35648,-0.24816
PSMB6,-0.88491,-0.9761,-1.0731,-1.072
NR1H4,-0.2433,-0.29948,-0.33646,-0.35248
NRP1,-0.13505,-0.10192,-0.16755,-0.17607
PYGB,-0.2296,-0.16967,-0.1907,-0.19604
KDR,-0.27848,-0.30884,-0.3458,-0.3383
PRSS8,-0.24184,-0.28473,-0.26633,-0.28998
HGF,-0.078799,-0.076536,-0.12592,-0.046734
GALR2,-0.16872,-0.13862,-0.24543,-0.21962
BTK,-0.075326,-0.052673,-0.028,-0.053869
SPATA5L1,-1.071,-1.0233,-1.5855,-1.6121
GUCY1A2,-0.18999,-0.14499,-0.20478,-0.16877
EPHA8,-0.12636,-0.19651,-0.16955,-0.20732
USP1,-0.082943,-0.17899,-0.10823,-0.19288
KDM3A,-0.10176,-0.078279,-0.041703,-0.10066
AKT2,-0.46466,-0.51744,-0.63217,-0.66632
AKT3,-0.15252,-0.17235,-0.1403,-0.15086
CASP9,-0.17917,-0.17295,-0.18767,-0.29912
ITPKB,-0.48687,-0.49016,-0.47151,-0.56706
CCR1,-0.1872,-0.21177,-0.18865,-0.23677
SCN7A,-0.17275,-0.21958,-0.20945,-0.24004
HDAC8,-0.25671,-0.27992,-0.73129,-0.74546
BACE1,-0.16824,-0.28026,-0.23393,-0.26119
ERBB3,-0.30442,-0.19741,-0.35161,-0.2767
RARA,-0.26052,-0.32755,-0.30163,-0.34805
PSME3,-0.34671,-0.32822,-0.44986,-0.42286
CDK4,-0.21912,-0.22951,-0.23775,-0.28798
ADGRG3,-0.22783,-0.22804,-0.2588,-0.25644
EHMT1,-0.45536,-0.45754,-0.81818,-0.90014
DDR1,-0.11654,-0.17608,-0.13985,-0.15204
INSRR,-0.24592,-0.18977,-0.24636,-0.24458
GPN2,-2.1084,-2.3416,-2.5958,-2.6371
GRM5,-0.12602,-0.12774,-0.1355,-0.21266
SLC25A4,-0.050781,0.0004443,-0.02396,0.01992
TMPRSS6,-0.3164,-0.33237,-0.3671,-0.39094
KDM1A,-0.30854,-0.34938,-0.597,-0.60448
F2RL1,-0.27371,-0.17529,-0.33757,-0.26493
CACNA2D3,-0.076948,-0.13033,-0.12693,-0.12235
NTRK1,-0.25921,-0.30429,-0.32706,-0.44308
RHD,-0.038263,-0.099177,-0.066318,-0.15905
MAP4K5,-0.13896,-0.080821,-0.15456,-0.067356
SPP1,-0.17776,-0.1581,-0.20782,-0.16781
ALOX15,-0.16028,-0.11337,-0.23908,-0.17372
VEGFA,-0.11067,-0.15741,-0.14742,-0.18939
PDGFRB,-0.19111,-0.21854,-0.19932,-0.23684
FABP3,-0.15939,-0.14732,-0.16454,-0.14203
RIPK1,-0.10464,-0.014989,-0.13288,-0.034265
GCK,-0.31754,-0.28499,-0.31682,-0.32858
DDR2,-0.21245,-0.21744,-0.22982,-0.22851
HDAC5,-0.35132,-0.30187,-0.39077,-0.34322
PANX3,-0.15922,-0.14353,-0.21685,-0.1469
LNPEP,-0.12112,-0.10797,-0.14646,-0.1064
CERK,-0.21521,-0.20359,-0.28773,-0.31887
KCNV2,-0.17377,-0.14916,-0.23404,-0.19199
PTH2R,-0.090712,-0.095411,-0.094943,-0.12127
BIRC3,-0.11206,-0.11608,-0.15378,-0.14636
CHRNA4,-0.33459,-0.26459,-0.2933,-0.34078
ENPEP,-0.21619,-0.20081,-0.19389,-0.25998
APOH,-0.23009,-0.16444,-0.18671,-0.20109
TGFB2,-0.10112,-0.1245,-0.16357,-0.17103
SLC28A2,-0.10045,-0.16231,-0.1797,-0.24506
RORB,-0.29366,-0.19581,-0.26261,-0.24857
STK16,-0.22326,-0.14484,-0.28391,-0.13249
CACNG4,-0.22611,-0.19798,-0.2473,-0.25272
FAAH,-0.34251,-0.31583,-0.3594,-0.29851
KCNQ5,-0.18839,-0.10883,-0.20799,-0.13033
KCNA4,-0.2844,-0.16987,-0.2762,-0.26141
USP5,-1.464,-1.4601,-1.7543,-1.811
PRMT6,-0.17726,-0.16669,-0.19405,-0.20256
MIP,-0.19907,-0.21731,-0.15743,-0.28259
KCNF1,-0.15697,-0.13158,-0.17954,-0.12725
SIRT5,-0.20797,-0.15957,-0.23046,-0.24454
RET,-0.30868,-0.30276,-0.32252,-0.35718
RRM2B,-0.14603,-0.16232,-0.18785,-0.28171
PSMD5,-0.15598,-0.21559,-0.23137,-0.18259
F9,0.00016242,-0.038697,0.003723,-0.097826
EPHB2,-0.21736,-0.22829,-0.24595,-0.20118
NDUFB2,-0.6962,-0.66306,-0.99456,-1.0069
BMPR2,-0.21514,-0.1757,-0.27193,-0.18171
PSMB5,-0.85738,-0.83848,-1.1602,-1.1271
TPH1,-0.20038,-0.17096,-0.20409,-0.11762
F7,-0.12035,-0.05751,-0.12985,-0.14758
ITGAV,-0.20359,-0.22244,-0.25619,-0.27876
PTK6,-0.28096,-0.32351,-0.31204,-0.37023
ALOX5,-0.25143,-0.24042,-0.28125,-0.26616
CTSL,-0.20173,-0.2277,-0.18202,-0.25561
MMP14,-0.33018,-0.35129,-0.38395,-0.37859
NAMPT,-1.6888,-1.6915,-2.199,-2.196
RFC4,-0.7541,-0.84327,-0.90361,-0.97453
MMP7,-0.21374,-0.14431,-0.20407,-0.18133
WDR74,-1.3091,-1.2592,-1.7121,-1.6001
GALR1,-0.16498,-0.11895,-0.2384,-0.1808
LYN,-0.24705,-0.16479,-0.20642,-0.16829
C5AR2,-0.13128,-0.19351,-0.15878,-0.22852
LPAR3,-0.10965,-0.13605,-0.13779,-0.13443
TOP2A,-1.8332,-1.8227,-2.3042,-2.3971
BIRC2,-0.066667,-0.075155,-0.11832,-0.10688
TMPRSS2,-0.29903,-0.24596,-0.40111,-0.34551
HRH3,-0.23566,-0.22685,-0.30617,-0.27559
CYP11B1,-0.073166,-0.071488,-0.071046,-0.083057
NDUFB10,-0.61877,-0.58815,-0.95791,-0.8664
BAX,-0.22789,-0.20266,-0.30822,-0.27347
PRKCZ,-0.21256,-0.12414,-0.30175,-0.18274
TBXAS1,-0.14575,-0.16475,-0.20626,-0.19028
EEF2,-1.7039,-1.7403,-1.8231,-2.0093
FSHR,-0.099028,-0.0089297,-0.082071,-0.026264
CYP1B1,-0.052574,-0.055049,-0.10564,-0.16396
STK17A,-0.14156,-0.091481,-0.15408,-0.15245
MAP3K11,-0.24139,-0.17364,-0.27621,-0.29256
KCNH5,-0.16623,-0.15324,-0.097644,-0.14448
CENPE,-0.53498,-0.6057,-0.66411,-0.75622
RUVBL2,-1.4818,-1.6091,-1.7236,-2.0859
TLR4,-0.24617,-0.14931,-0.27433,-0.15058
CDS1,-0.057194,-0.13404,-0.065868,-0.15594
AVPR1A,-0.16252,-0.14383,-0.065907,-0.18794
PSMD3,-1.4019,-1.3265,-1.4363,-1.4451
PSMB2,-1.1751,-1.2078,-1.2271,-1.3442
HPD,-0.2358,-0.31839,-0.28324,-0.34385
ODC1,-0.22288,-0.29154,-0.39065,-0.39098
TRPA1,-0.11138,-0.12732,-0.1805,-0.18054
PLD2,-0.23986,-0.28802,-0.21249,-0.30524
CYSLTR2,-0.2049,-0.17437,-0.1986,-0.20875
HDAC11,-0.25949,-0.23871,-0.30023,-0.32827
RNPEP,-0.20865,-0.26136,-0.23647,-0.30565
BCL2L2,-0.22462,-0.21827,-0.26429,-0.26237
MLKL,-0.2959,-0.30422,-0.34107,-0.31408
NR3C2,-0.17871,-0.12714,-0.21874,-0.24512
LTB,-0.16828,-0.10179,-0.15015,-0.17251
FRK,-0.21234,-0.072006,-0.1398,-0.18386
FFAR1,-0.23632,-0.21687,-0.25663,-0.27638
C7,-0.21046,-0.25113,-0.30915,-0.36148
CTSZ,-0.2971,-0.24847,-0.37186,-0.23388
PGF,-0.14285,-0.17644,-0.17937,-0.2008
ATP1A4,-0.2092,-0.25496,-0.27627,-0.28389
DHX15,-1.6365,-1.5371,-1.9659,-1.9154
MAG,-0.34641,-0.34735,-0.35629,-0.42936
GRM3,-0.12758,-0.20154,-0.15621,-0.20163
FGF23,-0.045516,-0.079011,-0.13054,-0.11172
KDM5B,-0.095125,-0.033248,-0.12745,-0.046891
TNK2,-0.32884,-0.28519,-0.46175,-0.35774
EPHB6,-0.1407,-0.10858,-0.2098,-0.11847
POLD1,-1.6852,-1.5434,-1.9609,-1.8465
LIPF,-0.123,-0.17342,-0.12536,-0.19934
AVPR2,-0.073514,-0.13391,-0.085847,-0.15699
PIK3R4,-0.35658,-0.35145,-0.67551,-0.61507
BLVRB,-0.1514,-0.29349,-0.20449,-0.33456
RICTOR,-0.55278,-0.47586,-0.85997,-0.72171
KLK1,-0.086073,-0.075444,-0.1039,-0.086318
RPS6KA2,-0.091847,-0.05869,-0.084725,-0.14688
NAAA,-0.17005,-0.21819,-0.1934,-0.26121
MMP1,-0.13154,-0.15434,-0.23755,-0.22545
KCNH6,-0.27226,-0.25689,-0.38477,-0.34029
EHMT2,-0.67706,-0.55846,-1.0723,-1.0932
NR2E3,-0.22214,-0.128,-0.2377,-0.14174
COMT,-0.26183,-0.26812,-0.32124,-0.31633
MAPK14,-0.11846,-0.18201,-0.15023,-0.24834
FBL,-1.7677,-1.6964,-1.9214,-2.1356
INHBA,-0.15782,-0.14727,-0.2263,-0.20527
DRD4,-0.20417,-0.1434,-0.28684,-0.31687
TUBA3E,-0.12896,-0.1174,-0.13438,-0.17236
APP,-0.27082,-0.18031,-0.29667,-0.21261
CSK,-0.84109,-0.75934,-1.274,-1.2637
PSMC4,-1.1195,-1.0619,-1.2993,-1.3239
CACNA1I,-0.39302,-0.34799,-0.45267,-0.37436
OPRM1,-0.17252,-0.2454,-0.19999,-0.23532
GPD2,-0.20883,-0.16983,-0.25301,-0.21073
TACR1,-0.1441,-0.14123,-0.20309,-0.18754
FGFR1,-0.21405,-0.16693,-0.27008,-0.23943
USP14,-0.20595,-0.24375,-0.27355,-0.35847
CHRM1,-0.22515,-0.18322,-0.21647,-0.20228
PDE1C,-0.23435,-0.17347,-0.2478,-0.23073
ATP6AP1,-1.473,-1.4795,-1.6849,-1.6921
ALK,-0.18363,-0.14559,-0.2722,-0.1941
CACNG5,-0.25011,-0.18861,-0.30632,-0.31781
CHRNA1,-0.58883,-0.58294,-0.66716,-0.62997
CHRNB1,-0.21687,-0.23147,-0.26182,-0.27624
CES1,-0.44817,-0.41454,-0.37939,-0.45081
SENP8,-0.11863,-0.22773,-0.19353,-0.23724
ADAM9,-0.12424,-0.10872,-0.15976,-0.069636
CAMK1D,-0.17124,-0.087522,-0.17139,-0.14901
CCR8,-0.16648,-0.078583,-0.18368,-0.14674
VEGFC,-0.13104,-0.13057,-0.16782,-0.17603
EDNRB,-0.38734,-0.42067,-0.41726,-0.48609
PSMA3,-0.81486,-0.86449,-0.95508,-1.0099
GJD3,-0.18195,-0.14343,-0.18032,-0.19118
CTSV,-0.25969,-0.25164,-0.13663,-0.30927
SCNN1G,-0.13881,-0.16086,-0.20395,-0.22143
CA3,-0.12879,-0.18384,-0.17073,-0.24458
KCNA10,-0.25585,-0.23657,-0.29807,-0.30303
PDE8B,-0.17935,-0.18368,-0.17531,-0.23827
ESR1,-0.15762,-0.13728,-0.18976,-0.16092
ABCC1,-0.17254,-0.1992,-0.16599,-0.15348
CRHR2,-0.24115,-0.19804,-0.22895,-0.24864
CHKA,-0.27858,-0.2896,-0.46346,-0.52094
CDKL2,-0.11092,-0.22492,-0.12552,-0.20851
AQP10,-0.25031,-0.20385,-0.28045,-0.2683
IFNAR2,-0.13661,-0.133,-0.208,-0.22452
DAPK3,-0.4155,-0.38043,-0.46628,-0.39717
KDM4E,-0.16537,-0.16322,-0.13465,-0.19974
RPTOR,-1.0358,-1.0578,-1.4327,-1.4841
PI4KA,-1.0292,-1.0426,-1.35,-1.3431
PRMT7,-0.29416,-0.26599,-0.36488,-0.29487
PRKCE,-0.065788,-0.12773,-0.068644,-0.2325
CTSO,-0.14446,-0.073529,-0.13393,-0.12216
TIE1,-0.22586,-0.20727,-0.24304,-0.26166
GSTP1,-0.13987,-0.084525,-0.176,-0.11002
CXCR3,-0.11553,-0.10784,-0.11185,-0.17947
FZD7,-0.13295,0.04715,-0.14423,-0.035424
NEK11,-0.21738,-0.21084,-0.213,-0.27192
SLC6A15,-0.21172,-0.14091,-0.18878,-0.19264
ATP1A3,-0.32646,-0.30412,-0.37709,-0.39216
MMP17,-0.20093,-0.17206,-0.20491,-0.18415
ADAM8,-0.22807,-0.17428,-0.20995,-0.27854
KDM6B,-0.20028,-0.12057,-0.25763,-0.17364
CYP27A1,-0.14649,-0.20098,-0.23145,-0.26195
CCR9,-0.19951,-0.0068976,-0.11053,-0.084124
ATAD2B,-0.14133,-0.25659,-0.16984,-0.28443
GLP1R,-0.19159,-0.17071,-0.2146,-0.19402
MCHR1,-0.33738,-0.28517,-0.39289,-0.38878
IL1A,-0.23075,-0.14381,-0.24136,-0.12635
ATP1B2,-0.24582,-0.19745,-0.25503,-0.25258
CDKN1A,-0.11607,-0.15444,-0.15491,-0.19813
TESK2,-0.20585,-0.24662,-0.19967,-0.2541
GJD2,-0.11747,-0.12977,-0.072636,-0.16359
NCOA1,-0.12882,-0.12291,-0.19708,-0.19131
IGF1R,-0.0062558,-0.11277,-0.11298,-0.16747
MAP4K2,-0.27368,-0.2469,-0.32008,-0.29831
LAP3,-0.10517,-0.13429,-0.19569,-0.23487
BRD4,-0.91888,-0.93848,-1.1721,-1.3027
PPIA,-0.53001,-0.4007,-0.57455,-0.46967
CCR4,-0.1078,-0.11762,-0.15724,-0.072292
SLC1A6,-0.27127,-0.23132,-0.21627,-0.30839
CA13,-0.20316,-0.17611,-0.18366,-0.15846
TNFSF13,-0.30743,-0.26841,-0.30706,-0.32812
IL2RA,-0.16216,-0.13723,-0.18336,-0.20625
NDUFA8,-0.41987,-0.45278,-0.75077,-0.75718
RPL27A,-2.342,-2.4098,-2.8198,-2.8516
PDGFA,-0.061876,-0.029176,-0.17574,-0.074659
CSF1,-0.29679,-0.29418,-0.34029,-0.27943
PSMA2,-1.6943,-1.767,-1.7948,-2.0509
ADRA1B,-0.16033,-0.13885,-0.19677,-0.26436
TRIM24,-0.093834,-0.090087,-0.15686,-0.12237
PGA5,-0.28989,-0.31818,-0.3674,-0.37644
NTSR1,-0.30343,-0.29806,-0.32595,-0.35024
CHUK,-0.2293,-0.11016,-0.22765,-0.12749
APEH,-0.19443,-0.23075,-0.21203,-0.2661
F2R,-0.13856,-0.23576,-0.12322,-0.23142
FLT1,-0.16183,-0.15378,-0.1849,-0.17916
P2RX2,-0.23934,-0.23516,-0.26068,-0.27891
MAPK3,-0.26681,-0.19665,-0.33453,-0.22453
BCHE,-0.21512,-0.19754,-0.25731,-0.21508
RAPGEF3,-0.2081,-0.18165,-0.24716,-0.2826
CAMK2B,-0.30211,-0.36495,-0.36234,-0.38683
SMYD2,-0.15525,-0.13565,-0.1457,-0.20917
PRKG2,-0.16515,-0.14529,-0.17232,-0.23815
SLC12A4,-0.20053,-0.20692,-0.18129,-0.13766
ACE,-0.23001,-0.19651,-0.20024,-0.23774
ITGB6,-0.18973,-0.21401,-0.26298,-0.16116
CBR1,-0.24702,-0.24914,-0.39923,-0.29861
CDK12,-0.98186,-1.0296,-1.2295,-1.2033
HMOX1,-0.1577,-0.14613,-0.2095,-0.15502
CDK14,-0.078378,-0.12607,-0.10919,-0.095322
C8G,-0.1778,-0.13809,-0.24749,-0.23247
APOB,-0.18476,-0.13261,-0.14285,-0.14437
CHRM5,-0.20851,-0.25308,-0.23126,-0.36509
P2RY10,-0.17437,-0.16997,-0.22295,-0.17691
LPAR2,-0.24928,-0.15608,-0.32969,-0.18713
KCNQ3,-0.26964,-0.26309,-0.26306,-0.33324
ANXA3,-0.16329,-0.20488,-0.1904,-0.24283
SETD2,-0.52514,-0.53486,-0.8363,-0.95782
GCGR,-0.2791,-0.32452,-0.40558,-0.3958
TNIK,-0.14372,-0.13379,-0.16583,-0.23249
PDE4D,-0.20408,-0.19366,-0.21916,-0.22024
SCN10A,-0.12117,-0.17106,-0.12927,-0.23153
CACNA1F,-0.12035,-0.14021,-0.11022,-0.14462
CTRC,-0.36516,-0.37752,-0.41686,-0.46109
TYR,-0.20373,-0.19794,-0.21751,-0.29434
CA12,-0.24413,-0.24851,-0.31345,-0.25045
MAP3K13,-0.084472,-0.15316,-0.091779,-0.22979
MVK,-1.0363,-1.1318,-1.4849,-1.6772
RAN,-2.2687,-2.1243,-2.4512,-2.4936
C6,-0.20918,-0.25027,-0.30706,-0.28985
SERPINA3,-0.10943,-0.1211,-0.14417,-0.033332
AMH,-0.208,-0.15365,-0.25729,-0.28477
PIK3R1,-0.22067,-0.10233,-0.20275,-0.1438
CSF2RB,-0.14621,-0.1141,-0.17573,-0.11718
ULK3,-0.19183,-0.195,-0.26584,-0.20025
NTRK2,-0.17312,-0.16689,-0.20112,-0.22765
ULK1,-0.22237,-0.25831,-0.36883,-0.26988
BUB1,-0.48346,-0.50094,-0.55692,-0.60099
HDAC1,-0.1934,-0.22577,-0.13215,-0.20182
HCK,-0.22434,-0.22015,-0.22328,-0.34657
OSGIN2,-0.23311,-0.23668,-0.23836,-0.24902
CALCA,-0.28555,-0.26044,-0.26141,-0.31599
KCNQ2,-0.19187,-0.21416,-0.24986,-0.29225
GRM1,-0.16099,-0.16799,-0.23166,-0.14681
SLC12A1,-0.11558,-0.10933,-0.16775,-0.15997
TAF1,-1.0776,-1.068,-1.3273,-1.3195
TOP1,-1.3076,-1.2905,-1.8451,-1.7715
PBRM1,-0.2629,-0.25027,-0.27897,-0.28992
TUBA1C,-1.0945,-1.08,-1.14,-1.2626
STK4,-0.08957,-0.12249,-0.12482,-0.10881
CA6,-0.095178,-0.051483,-0.090954,-0.086264
GRM4,-0.17496,-0.20083,-0.24428,-0.22846
PRKCA,-0.1488,-0.11109,-0.1646,-0.10155
PIK3CB,-0.19677,-0.088295,-0.22256,-0.16622
NR1D2,-0.18832,-0.11421,-0.26281,-0.16687
NOD1,-0.23487,-0.27629,-0.22659,-0.31184
ADAM17,-0.13637,-0.13728,-0.28818,-0.1566
PDE6B,-0.21847,-0.1945,-0.288,-0.37162
GBA,-0.12378,-0.15385,-0.10463,-0.13121
P2RY1,-0.15327,-0.1567,-0.19944,-0.22322
VKORC1,-0.12649,-0.068342,-0.17572,-0.10142
CD80,-0.13882,-0.088012,-0.16956,-0.1292
GC,-0.33545,-0.22732,-0.37551,-0.30772
PCSK1,-0.13741,-0.15171,-0.15461,-0.14628
SGK1,-0.13044,-0.13835,-0.15771,-0.1431
CHRNA9,-0.15651,-0.14162,-0.20023,-0.1391
RPL3,-1.6254,-1.7616,-2.1622,-2.2486
EPHA6,-0.096995,-0.15103,-0.065963,-0.17043
RAMP3,-0.2379,-0.15129,-0.29034,-0.19711
AKR1B1,-0.23141,-0.14126,-0.27006,-0.18796
BAZ2A,-0.37186,-0.43173,-0.41409,-0.47639
GJD4,-0.15613,-0.078822,-0.18479,-0.13081
SELE,-0.15038,-0.048986,-0.13911,-0.093846
PTAFR,-0.26039,-0.21411,-0.26073,-0.28306
CDKL1,-0.25299,-0.20174,-0.21367,-0.19653
SMG1,-1.0201,-1.017,-1.0986,-1.1523
CYP27B1,-0.15294,-0.1631,-0.16614,-0.15588
PSMC3IP,-0.30132,-0.29554,-0.36644,-0.34877
GIF,-0.13472,-0.11344,-0.17201,-0.12995
SLC12A2,-0.14225,-0.16902,-0.20965,-0.22498
PSMD6,-1.0034,-1.0172,-1.1277,-1.182
CSF1R,-0.16241,-0.19278,-0.19643,-0.24959
GHSR,-0.4759,-0.42817,-0.54274,-0.48805
SRD5A2,-0.10362,-0.092553,-0.14948,-0.12032
NDUFA4,-0.45569,-0.43729,-0.69325,-0.68012
CCL2,-0.10484,-0.049199,-0.15575,-0.081554
SGPL1,-0.035523,-0.039509,-0.048897,-0.074696
AGTR2,-0.14843,-0.054263,-0.14556,-0.076826
KRAS,-0.2123,-0.1854,-0.24802,-0.28168
CSF2,-0.041327,-0.079765,-0.063419,-0.12519
TUBA1A,-1.4505,-1.3789,-1.5679,-1.5457
FLT3,-0.22424,-0.24111,-0.28708,-0.31007
SLCO1B3,-0.17591,-0.13166,-0.11783,-0.16742
TGFB1,-0.075372,-0.11212,-0.1112,-0.20638
SRPK2,-0.21413,-0.18732,-0.24913,-0.23728
IL6,-0.081222,-0.081777,-0.12121,-0.10419
IL23A,-0.15991,-0.21742,-0.14895,-0.25591
SGK3,-0.28536,-0.23671,-0.28339,-0.28848
PLG,-0.17079,-0.14984,-0.22639,-0.1615
ERAP1,-0.088947,-0.09705,-0.14702,-0.1812
CUL4A,-0.099145,-0.065762,-0.16302,-0.17587
GRIN3A,-0.49112,-0.40704,-0.60228,-0.50724
UBA1,-1.7391,-1.9303,-2.1364,-2.3067
RPS6KA5,-0.18226,-0.11652,-0.21192,-0.12536
POLR3K,-1.8003,-1.8357,-2.0698,-2.1351
TMEM199,-1.1124,-1.0812,-1.3509,-1.2841
IL10,-0.058929,-0.052406,-0.12625,-0.11106
FARSA,-1.4174,-1.3806,-1.6094,-1.7349
CNTN1,-0.24453,-0.24802,-0.21773,-0.29447
GRIA3,-0.094518,-0.08084,-0.13098,-0.086159
SLC5A2,-0.057787,-0.18196,-0.11471,-0.21556
PRKD1,-0.24952,-0.28486,-0.2956,-0.32798
MAP3K9,-0.25677,-0.26578,-0.31926,-0.33281
CYSLTR1,-0.070267,-0.066585,-0.048333,-0.10472
PHKG1,-0.22087,-0.20677,-0.28032,-0.35825
KCND2,-0.1045,-0.08999,-0.13595,-0.17935
CDC42BPB,-0.18928,-0.20537,-0.24754,-0.24437
NR1H3,-0.22257,-0.15947,-0.21212,-0.12936
CCKBR,-0.31704,-0.23836,-0.39322,-0.28947
WNK3,-0.20864,-0.085123,-0.20495,-0.054662
CYP3A5,-0.13679,-0.17936,-0.13139,-0.1612
ABL2,-0.10325,-0.18725,-0.17195,-0.15756
NPEPPS,-0.25047,-0.15176,-0.34889,-0.25697
CYP2C9,-0.17864,-0.12723,-0.16178,-0.17296
NR1I3,-0.24987,-0.20342,-0.29155,-0.26346
HTR3A,-0.15642,-0.2275,-0.20229,-0.22733
ANXA5,-0.19289,-0.18244,-0.24238,-0.28481
FZD1,-0.16113,-0.13752,-0.23135,-0.26845
MAPK1,-0.21214,-0.16434,-0.23137,-0.26312
GRK5,-0.19501,-0.25452,-0.26347,-0.37293
PMPCA,-1.3462,-1.4095,-1.5801,-1.6631
SLC9A3,-0.15106,-0.095471,-0.21474,-0.20877
HDC,-0.20957,-0.20668,-0.23048,-0.20789
HCRTR2,-0.13616,-0.12631,-0.19578,-0.18607
DHODH,-1.4907,-1.4498,-1.8431,-1.9749
TEC,-0.081462,-0.11267,-0.16238,-0.15118
NPR2,-0.16999,-0.23995,-0.21397,-0.2457
PSMB1,-1.0494,-1.0987,-1.2886,-1.3834
RRM2,-1.5957,-1.5665,-1.7376,-1.6897
PDGFC,-0.21748,-0.20743,-0.17595,-0.28477
PSMC3,-1.1334,-1.1567,-1.402,-1.2773
ATAD2,-0.31425,-0.18205,-0.3856,-0.31948
GRIN2A,-0.2013,-0.17995,-0.28807,-0.24055
PLAT,-0.23158,-0.17202,-0.26824,-0.24655
ATP1A1,-0.51528,-0.57757,-0.85419,-0.87287
HTT,-0.2964,-0.31005,-0.43652,-0.54763
GABRR1,-0.24801,-0.19629,-0.28211,-0.21607
STK31,-0.14792,-0.10922,-0.22419,-0.1281
CD40,-0.25642,-0.23419,-0.30652,-0.2721
PTGER1,-0.183,-0.18085,-0.20383,-0.2249
GIPR,-0.44603,-0.45121,-0.54703,-0.51992
DRD2,-0.1963,-0.10023,-0.31306,-0.17465
HNF4A,-0.19856,-0.19215,-0.22541,-0.24203
CYP19A1,-0.10211,-0.081106,-0.11079,-0.09358
ADORA2A,-0.11314,-0.097724,-0.12433,-0.11841
ANGPT2,-0.10089,-0.079665,-0.1589,-0.16994
ITGA5,-0.18942,-0.1366,-0.24277,-0.20224
MAPK15,-0.23065,-0.16199,-0.23025,-0.20547
KCNC1,-0.24145,-0.24807,-0.21875,-0.27432
LTB4R,-0.29608,-0.30004,-0.30142,-0.2729
IL4,-0.15514,-0.18542,-0.17774,-0.28964
ERBB4,-0.16988,-0.10016,-0.22406,-0.13262
IL2RB,-0.28199,-0.21612,-0.29936,-0.22933
CACNG7,-0.13079,-0.099996,-0.20882,-0.11129
SMARCA4,-1.3863,-1.2993,-1.9557,-1.9498
CACNG6,-0.17795,-0.17097,-0.23962,-0.29135
CDK1,-1.8029,-1.9129,-1.8877,-2.2573
PBK,-0.15127,-0.11843,-0.23642,-0.16619
JAK3,-0.3004,-0.28055,-0.27966,-0.30975
F2RL3,-0.18605,-0.17491,-0.20166,-0.22665
MCHR2,-0.16322,-0.096336,-0.21072,-0.12262
CD3D,-0.22072,-0.32385,-0.42982,-0.50669
GLS,-0.34963,-0.33349,-0.54927,-0.54819
HDAC3,-0.57493,-0.53789,-1.2298,-1.2088
S1PR3,-0.20861,-0.20974,-0.24402,-0.26172
PAK3,0.012263,-0.086218,-0.0064615,-0.073068
ATP6V0C,-2.1123,-2.2627,-2.6254,-2.7891
CACNB3,-0.29718,-0.21227,-0.31073,-0.22166
NT5E,-0.088107,-0.16489,-0.15925,-0.15172
NEK1,-0.02425,-0.12182,-0.084636,-0.19405
DNMT3A,-0.084538,-0.10862,-0.089506,-0.18637
ERN1,-0.23526,-0.21146,-0.24662,-0.17919
AR,-0.18405,-0.15485,-0.21337,-0.1633
NOTCH4,-0.17956,-0.22441,-0.25404,-0.25106
MPI,-0.095522,-0.07612,-0.20504,-0.16846
DYRK1A,-0.38055,-0.28904,-0.59515,-0.57086
GNRH1,-0.050123,-0.031229,-0.048481,-0.010762
CYP24A1,-0.23744,-0.18182,-0.26514,-0.23476
F5,-0.22098,-0.20576,-0.28559,-0.22656
PI4KB,-0.44113,-0.37743,-0.57282,-0.6002
PCSK7,-0.1251,-0.1813,-0.16453,-0.24691
ADCYAP1R1,-0.1186,-0.11003,-0.13599,-0.1452
MELK,-0.11091,-0.11213,-0.15725,-0.22667
CACNA1C,-0.21425,-0.22804,-0.21731,-0.2342
PADI1,-0.24763,-0.10198,-0.23178,-0.11926
TPSAB1,-0.15217,-0.17369,-0.21949,-0.22808
MAOB,-0.20966,-0.17788,-0.1983,-0.25514
CACNG2,-0.13311,-0.11207,-0.23462,-0.16945
CSNK1E,-0.16327,-0.21708,-0.21182,-0.21171
MET,-0.15246,-0.10671,-0.1588,-0.15055
MAP2K7,-0.1623,-0.12367,-0.17736,-0.15109
PAK4,-0.19992,-0.084973,-0.15122,-0.11128
ITGAM,-0.18704,-0.22991,-0.19722,-0.27592
PSMD4,-0.72359,-0.68022,-1.1463,-1.1821
GP2,-0.2201,-0.25802,-0.27795,-0.32045
PSMD2,-1.1155,-1.05,-1.2794,-1.1968
SLC29A1,-0.23158,-0.22824,-0.23097,-0.26557
GRM7,-0.078472,-0.1212,-0.18112,-0.20211
IMPA1,-0.13458,-0.057758,-0.1778,-0.0082726
JAK2,-0.15745,-0.12883,-0.22604,-0.12589
AHCY,-1.5616,-1.5563,-2.1456,-2.3557
IMPDH1,-0.36691,-0.42844,-0.40396,-0.4814
NMUR2,-0.14855,-0.16023,-0.16775,-0.15093
NDUFAF3,-0.55331,-0.54703,-1.1137,-1.1446
EPHA1,-0.16807,-0.10598,-0.23617,-0.2412
ABCC4,-0.086016,-0.086177,-0.12798,-0.086266
SCN2A,-0.14054,-0.11664,-0.11455,-0.12164
LIPE,-0.16974,-0.16361,-0.24769,-0.23717
AQP1,-0.2149,-0.21281,-0.28324,-0.27104
RPL18,-1.4992,-1.5226,-1.9631,-1.921
P2RX7,-0.39669,-0.4065,-0.46271,-0.45935
RXFP1,-0.11119,-0.11808,-0.21385,-0.19571
FFAR2,-0.19597,-0.29015,-0.27689,-0.33468
MAP3K10,-0.16869,-0.12494,-0.18194,-0.20307
EGLN1,-0.11192,-0.083751,-0.18038,-0.11817
ECT2,-1.4165,-1.412,-1.769,-1.8868
AGRP,-0.072184,-0.082598,-0.10233,-0.078775
CLK2,-0.35423,-0.38779,-0.40112,-0.43005
P2RY12,-0.1104,-0.10448,-0.15795,-0.13481
PTGFR,-0.07539,-0.13245,-0.098077,-0.15716
CTSF,-0.28986,-0.27588,-0.37208,-0.22336
EP300,-0.63792,-0.73736,-0.92208,-0.91508
CAMK2G,-0.28954,-0.25448,-0.30759,-0.24554
PTGDR2,-0.17895,-0.17627,-0.16547,-0.14232
CD200,-0.11496,-0.084671,-0.13823,-0.19573
NDUFC1,-0.43233,-0.43521,-0.76311,-0.69189
AKR1A1,-0.13336,-0.17657,-0.16538,-0.20917
HMGCS1,-2.3595,-2.3865,-2.6329,-2.7089
PSMD8,-1.1349,-1.1255,-1.323,-1.3957
SPTLC3,-0.12714,-0.065717,-0.14671,-0.059665
CXCR2,-0.35143,-0.30843,-0.37737,-0.37671
PTGER4,-0.172,-0.15586,-0.24005,-0.24371
SCNN1B,-0.17444,-0.10101,-0.18659,-0.20693
ACVR2B,-0.30582,-0.15781,-0.41998,-0.35867
MGLL,-0.14626,-0.15635,-0.20659,-0.22912
IL5,-0.14186,-0.12629,-0.13076,-0.16269
RUVBL1,-2.4243,-2.52,-2.5471,-2.7416
CTSS,-0.095078,-0.13598,-0.10922,-0.12765
ADH1A,-0.13879,-0.1304,-0.19532,-0.14215
MLNR,-0.26738,-0.23286,-0.25659,-0.36341
NDUFB3,-0.55873,-0.53184,-0.87771,-0.85707
MMP26,-0.16837,-0.13935,-0.18238,-0.18437
ITGA2,-0.15602,-0.14544,-0.14495,-0.11657
TYRO3,-0.42731,-0.3783,-0.48938,-0.49857
PTPMT1,-0.95844,-1.0499,-1.8428,-1.7309
AGER,-0.035006,-0.14146,-0.063524,-0.12882
KARS,-2.0167,-2.0928,-2.3628,-2.3533
IL15,-0.1501,-0.091952,-0.11661,-0.069213
SLC28A3,-0.26407,-0.23405,-0.29269,-0.30202
F10,-0.26022,-0.26934,-0.23642,-0.29179
KCNJ12,-0.2543,-0.36063,-0.32307,-0.42058
PTGIS,-0.14058,-0.20894,-0.19082,-0.20358
XPNPEP1,-0.20253,-0.18446,-0.27101,-0.27985
EIF2AK3,-0.2117,-0.10753,-0.26164,-0.14054
MAP2K1,-0.13782,-0.29878,-0.19457,-0.39837
PSMA4,-1.4719,-1.4847,-1.6609,-1.6226
FGFR2,-0.18866,-0.24513,-0.25539,-0.30545
HDAC7,-0.24017,-0.20833,-0.21162,-0.24372
EEF2K,-0.17825,-0.12605,-0.15651,-0.1233
NDUFS3,-0.67903,-0.63635,-0.96951,-0.93264
PLD1,-0.10108,-0.14063,-0.11921,-0.16084
MAPKAPK2,-0.22502,-0.18963,-0.1833,-0.26833
TERT,-0.16956,-0.12779,-0.1805,-0.31195
PPARA,-0.10824,-0.059166,-0.1835,-0.080237
AQP8,-0.31362,-0.28475,-0.39374,-0.33473
TACR2,-0.22615,-0.2109,-0.23762,-0.18099
PSME4,-0.28239,-0.25049,-0.35655,-0.37075
CXCR4,-0.11838,-0.13106,-0.12636,-0.2209
CACNA1B,-0.16836,-0.14943,-0.18985,-0.21086
APLNR,-0.27142,-0.16714,-0.37841,-0.23997
FASN,-0.23809,-0.22543,-0.34955,-0.33475
CA5A,-0.25078,-0.25558,-0.25158,-0.31802
PDK3,-0.15142,-0.12437,-0.17213,-0.12885
PGR,-0.22253,-0.20941,-0.25279,-0.2552
ITGAL,-0.17129,-0.17674,-0.1822,-0.28977
PTPRF,-0.24804,-0.34313,-0.29695,-0.32292
SPTLC2,-0.12291,-0.088303,-0.19187,-0.091994
RORC,-0.18604,-0.1224,-0.21747,-0.12959
CHRNB2,-0.25707,-0.20986,-0.28199,-0.3
PKN2,-0.12546,-0.24422,-0.16301,-0.22038
PTPRM,-0.20073,-0.22009,-0.24576,-0.24122
HIPK2,-0.24542,-0.20992,-0.26095,-0.22889
CA9,-0.36194,-0.35162,-0.45986,-0.49339
VARS,-2.7392,-2.7487,-3.0721,-3.2372
CYP26A1,-0.17285,-0.20131,-0.21352,-0.24805
GDF2,-0.25057,-0.18297,-0.25928,-0.17856
SPC24,-1.5643,-1.6848,-1.8707,-1.9712
MSTN,-0.15194,-0.12084,-0.24201,-0.10919
DDAH1,-0.55294,-0.55769,-0.58048,-0.61067
CACNA1E,-0.091655,-0.15091,-0.13956,-0.1171
CHRNA7,-0.20161,-0.19584,-0.18765,-0.26314
ITPR2,-0.22719,-0.24691,-0.22309,-0.28344
SRPK1,-0.22481,-0.10475,-0.27803,-0.1808
MUSK,-0.21194,-0.17413,-0.2241,-0.23783
SLC12A7,-0.18092,-0.20334,-0.29448,-0.30321
IL5RA,-0.088149,-0.061189,-0.097475,-0.11648
PLA2G4A,-0.22388,-0.19052,-0.22873,-0.22709
NCSTN,-0.57959,-0.55424,-0.84659,-0.86017
NOS1,-0.2237,-0.2467,-0.32375,-0.33555
ACVRL1,-0.2598,-0.22999,-0.29835,-0.34412
ADA,-0.24824,-0.25064,-0.25055,-0.27937
CDK19,-0.083612,-0.040892,-0.11073,-0.05378
PDPK1,-0.7622,-0.70905,-1.3547,-1.2717
GABRA1,-0.11869,-0.065144,-0.16627,-0.025829
KDM4C,-0.10687,-0.051164,-0.10958,-0.12877
ECE2,-0.20472,-0.1939,-0.26646,-0.23898
CYP2E1,-0.1874,-0.23622,-0.28144,-0.27009
FZD2,-0.27057,-0.29386,-0.30036,-0.3463
HTR2B,-0.13545,-0.18695,-0.13873,-0.21089
CYP2C18,-0.12279,-0.049,-0.13262,-0.13211
MARK1,-0.091092,-0.16848,-0.15441,-0.18582
PLK2,-0.2404,-0.22119,-0.32318,-0.28333
FZD5,-0.12064,-0.086649,-0.15154,-0.16318
IL6R,-0.16768,-0.19259,-0.1926,-0.20192
CD3G,-0.27503,-0.262,-0.43017,-0.45661
ATP1A2,-0.23891,-0.34473,-0.28562,-0.38086
IL1R2,-0.22628,-0.15242,-0.2154,-0.22613
IL12B,-0.17515,-0.16419,-0.23744,-0.20927
CASP7,-0.23095,-0.19514,-0.31438,-0.24697
PTK2B,-0.11233,-0.15703,-0.13409,-0.23747
GABRA2,-0.15414,-0.13237,-0.19964,-0.26218
CYP17A1,-0.16728,-0.16125,-0.26783,-0.21178
PSMD11,-1.0468,-1.0778,-1.189,-1.2102
C1S,-0.20442,-0.12117,-0.23677,-0.22369
SLC22A12,-0.19369,-0.12314,-0.2407,-0.15032
CXCL8,-0.046024,-0.042343,-0.10725,-0.10145
MMP11,-0.18211,-0.2015,-0.21544,-0.24394
FPR3,-0.16057,-0.13545,-0.21088,-0.20412
SELL,-0.067011,-0.1036,-0.10891,-0.10492
ANGPT1,-0.14255,-0.15077,-0.18779,-0.09662
ADAMTS4,-0.35149,-0.31097,-0.45398,-0.47476
MBTPS1,-0.69611,-0.6639,-1.2635,-1.2306
RFC3,-2.0431,-2.0661,-2.3583,-2.4826
MAP2K5,-0.27044,-0.14175,-0.28032,-0.11029
SLC25A1,-0.62747,-0.61744,-1.0723,-1.2425
SIK3,-0.1707,-0.20239,-0.30195,-0.37132
LTA4H,-0.081257,-0.1638,-0.13079,-0.13815
KCNB2,-0.1928,-0.23787,-0.27559,-0.28609
MC5R,-0.33303,-0.30429,-0.38296,-0.42303
OPRL1,-0.19609,-0.20845,-0.23638,-0.28409
TPP2,-0.18487,-0.17511,-0.18889,-0.22499
SCN8A,-0.28125,-0.27916,-0.32643,-0.27994
KCNK18,-0.13874,-0.13467,-0.17201,-0.15317
EPHB4,-0.3112,-0.29418,-0.37325,-0.37976
NR1H2,-0.095215,-0.12077,-0.13393,-0.15039
CIAO1,-1.184,-1.172,-1.7278,-1.579
GJA4,-0.18745,-0.23205,-0.18557,-0.28235
TEK,-0.18718,-0.14101,-0.17504,-0.20915
MMP15,-0.29648,-0.27248,-0.35577,-0.41852
GABBR2,-0.24984,-0.16495,-0.31125,-0.21869
AXL,-0.15122,-0.19225,-0.22846,-0.26522
CASP5,-0.12309,-0.16098,-0.14375,-0.21182
MME,-0.23645,-0.22257,-0.29941,-0.27225
PRKCG,-0.13982,-0.054851,-0.1631,-0.1031
SLC5A1,-0.25063,-0.23189,-0.25323,-0.28222
XPO1,-1.8613,-2.0887,-2.2741,-2.2097
GALR3,-0.24083,-0.20421,-0.25364,-0.25881
LPAR1,-0.23014,-0.13248,-0.27696,-0.1853
P2RX1,-0.20291,-0.12064,-0.31002,-0.24698
P2RY6,-0.15402,-0.12652,-0.21891,-0.224
KCNS3,-0.20935,-0.07397,-0.22366,-0.095281
UTP20,-1.457,-1.4794,-1.7338,-1.7455
GPN3,-1.0381,-0.9821,-1.404,-1.2803
ACVR1C,-0.21733,-0.05873,-0.23452,-0.072417
NDUFA2,-0.73211,-0.79542,-1.2539,-1.2822
NDUFB11,-0.62693,-0.61895,-1.0398,-1.0411
PSMD1,-0.82058,-0.86758,-1.001,-1.0377
PPARG,-0.025365,-0.037438,-0.1022,-0.13404
HDAC10,-0.11126,-0.13009,-0.17058,-0.22167
NUP85,-1.5267,-1.4333,-1.6681,-1.6061
PRSS1,-0.055756,0.017659,-0.036318,0.0082053
NDUFA4L2,-0.10643,-0.1478,-0.12007,-0.10764
SHQ1,-0.76666,-0.845,-1.1917,-1.1769
LPAR4,-0.16074,-0.062844,-0.12563,-0.095498
AOX1,-0.18773,-0.20113,-0.20111,-0.27027
DHDDS,-1.9396,-1.9452,-2.2987,-2.2904
CHRM3,-0.17041,-0.16783,-0.16991,-0.25025
CDK20,-0.24684,-0.22541,-0.27326,-0.2608
GART,-1.7779,-1.6274,-2.1999,-2.1861
ESRRA,-0.36163,-0.34764,-0.41152,-0.38579
TNFSF14,-0.34353,-0.31039,-0.37276,-0.30816
YES1,-0.16608,-0.067278,-0.25911,-0.14957
RXFP4,-0.099469,-0.15887,-0.090215,-0.18372
NAE1,-0.80064,-0.79746,-1.1213,-1.0712
MERTK,-0.26665,-0.26275,-0.32127,-0.29554
EZH1,-0.19274,-0.13968,-0.26626,-0.19006
KCNB1,-0.053562,-0.19093,-0.12254,-0.20427
F11,-0.20669,-0.12451,-0.24068,-0.14486
PSMD12,-1.1163,-1.0153,-1.2081,-1.1576
PDE8A,-0.040084,-0.13166,-0.12348,-0.1528
RNPEPL1,-0.14317,-0.1428,-0.21196,-0.17485
SLC18A1,-0.15465,-0.1083,-0.20342,-0.16365
PRKG1,-0.23145,-0.12384,-0.26652,-0.13214
CYP2C8,-0.14858,-0.15599,-0.20741,-0.11459
RTN4,-0.14673,-0.10038,-0.22985,-0.19068
MMP8,-0.25587,-0.13037,-0.30882,-0.16206
MMP3,0.013283,-0.094317,-0.014725,-0.099012
BMP1,-0.19309,-0.19296,-0.22453,-0.23999
COL4A5,-0.071847,-0.14243,-0.055482,-0.18093
GNRHR,-0.14325,-0.13068,-0.1022,-0.18135
ADORA1,-0.25709,-0.28786,-0.34885,-0.34906
QRFPR,-0.061112,-0.063841,-0.078521,-0.047943
CTSB,-0.10406,-0.058548,-0.091323,-0.15156
KLK14,-0.1852,-0.22927,-0.21529,-0.29861
PSMA6,-1.9099,-2.0154,-2.0921,-1.9989
KCNA7,-0.17434,-0.16195,-0.1896,-0.21694
MAPK10,-0.078436,-0.08036,-0.15222,-0.064224
TXN,-1.3249,-1.2961,-1.5935,-1.5159
PARP3,-0.20544,-0.25334,-0.28146,-0.2503
KLK3,-0.21725,-0.2091,-0.21905,-0.26707
NOL9,-1.3563,-1.2895,-1.9138,-1.815
PNMT,-0.23365,-0.2103,-0.25645,-0.24598
PKN3,-0.36384,-0.40874,-0.41926,-0.47848
NARS,-1.5528,-1.5508,-1.8814,-1.8491
MAS1,-0.092652,-0.15804,-0.13446,-0.17819
DRD3,-0.167,-0.20307,-0.19133,-0.28507
PDE6D,-0.33503,-0.17797,-0.41473,-0.28968
MCL1,-0.80372,-0.81883,-1.0183,-0.98931
FPR1,-0.16803,-0.17396,-0.2679,-0.23088
BLK,-0.084591,-0.072934,-0.17326,-0.081675
ACE2,-0.12828,-0.13648,-0.21437,-0.15212
CACNG3,-0.48927,-0.45964,-0.52892,-0.54033
RPS6KA1,-0.16429,-0.18883,-0.13385,-0.27082
SCN1A,-0.16919,-0.20631,-0.23248,-0.24068
ATP4A,-0.17234,-0.16871,-0.26581,-0.1958
CTSH,-0.18755,-0.15842,-0.21584,-0.26019
MAP3K19,-0.30763,-0.24987,-0.28366,-0.25036
CA14,-0.2144,-0.20729,-0.2609,-0.26948
TGM2,-0.15767,-0.21151,-0.18627,-0.25638
HSP90AA1,-0.23053,-0.22817,-0.29892,-0.35495
AQP9,-0.10687,-0.19591,-0.1406,-0.17862
PDE10A,-0.12394,-0.13374,-0.16407,-0.16873
NDUFB1,-0.22476,-0.25709,-0.3026,-0.30864
CHRND,-0.21902,-0.18939,-0.2759,-0.2914
CDK13,-0.20583,-0.24739,-0.29337,-0.38307
SLC18A2,-0.11166,-0.089525,-0.18024,-0.16421
HNMT,-0.082185,-0.15912,-0.11758,-0.12709
CHRM2,-0.27541,-0.2896,-0.29282,-0.36187
DNMT1,-1.1703,-1.1116,-1.4992,-1.4689
NAT1,-0.20446,-0.15674,-0.20166,-0.2158
ITGB1,-0.098181,-0.068601,-0.12084,-0.07083
HRH2,-0.1381,-0.11408,-0.15762,-0.15674
C1QB,-0.15905,-0.15996,-0.17852,-0.18223
PDE6H,-0.098724,-0.15383,-0.11664,-0.22493
NDUFA7,-0.28366,-0.25412,-0.26766,-0.25386
PDE4B,-0.10469,-0.15952,-0.12335,-0.14856
PRMT5,-1.4242,-1.4322,-2.0145,-1.8798
PDE1B,-0.28033,-0.26663,-0.21661,-0.29724
PDE3A,-0.2083,-0.10516,-0.21301,-0.18061
P2RY4,-0.163,-0.16235,-0.13622,-0.1458
RBP4,-0.25423,-0.33767,-0.31884,-0.31004
CASP6,0.002245,-0.042058,0.024745,-0.10614
ITGB7,-0.19218,-0.12644,-0.2705,-0.11214
ITGB5,-0.27324,-0.22472,-0.30547,-0.30871
SLC5A3,-1.2008,-1.2172,-1.8734,-1.9481
PTCH1,-0.18255,-0.18162,-0.2412,-0.18339
SLC6A2,-0.26396,-0.26289,-0.33125,-0.33389
UBA3,-1.4723,-1.5007,-2.2459,-2.2044
CCL11,-0.12812,-0.098153,-0.16026,-0.14109
BRD3,-0.1893,-0.13209,-0.22778,-0.1356
PDE9A,-0.23084,-0.12306,-0.29131,-0.15653
KLKB1,-0.12132,-0.11019,-0.14487,-0.23496
KDM7A,-0.09108,-0.13263,-0.065791,-0.16196
MTNR1A,-0.14011,-0.15677,-0.16963,-0.22071
MAPKAP1,-0.39289,-0.43603,-0.6495,-0.62245
POLE,-2.3182,-2.4218,-2.7917,-2.6801
BRD9,-0.23847,-0.25302,-0.34104,-0.33337
SLC6A3,-0.12114,-0.15523,-0.15049,-0.21989
IDH2,-0.14468,-0.21997,-0.12019,-0.27753
TAP2,-0.04755,-0.14071,-0.11888,-0.14509
CD4,-0.21624,-0.21818,-0.2415,-0.22634
BRSK2,-0.21661,-0.17765,-0.1968,-0.23231
CD40LG,-0.059629,-0.012059,-0.064435,-0.0079729
PRKAR2B,-0.040959,-0.027537,-0.081432,0.0067358
C3AR1,-0.20133,-0.22477,-0.21367,-0.21856
TH,-0.15428,-0.22716,-0.17684,-0.24566
AVPR1B,-0.20334,-0.18743,-0.2741,-0.22717
CHRM4,-0.30122,-0.19229,-0.31839,-0.24116
EZH2,-0.33299,-0.22093,-0.52326,-0.40951
GP1BA,-0.61245,-0.60625,-0.65449,-0.61299
PSMD7,-1.0207,-1.2227,-1.2106,-1.4612
TRPV3,-0.23662,-0.10065,-0.2388,-0.22174
CAMKK2,-0.39754,-0.36904,-0.44476,-0.42793
SLC6A1,-0.1467,-0.092516,-0.22419,-0.13161
CA2,-0.11676,-0.11519,-0.096609,-0.17425
NDUFV3,-0.10585,-0.18071,-0.12232,-0.18268
VDR,-0.24238,-0.27243,-0.28649,-0.29905
HEATR1,-1.0043,-0.99357,-1.22,-1.194
IKBKB,-0.033728,-0.031487,-0.10138,-0.040967
CASP1,-0.12751,-0.036694,-0.16062,-0.062736
KCNH3,-0.27418,-0.16812,-0.27409,-0.18435
NDUFS4,-0.19932,-0.1461,-0.21059,-0.17964
NTRK3,-0.17388,-0.20231,-0.20405,-0.25642
NRF1,-1.0483,-0.94163,-1.4242,-1.4502
NDUFAF2,-0.13627,-0.12954,-0.2532,-0.23341
PIK3R2,-0.24744,-0.24834,-0.34673,-0.31761
MRPL45,-0.88617,-0.82544,-1.2734,-1.2987
HIF1A,-0.15228,-0.16898,-0.12432,-0.22698
PRMT3,-0.28659,-0.29203,-0.28469,-0.25684
CDK7,-1.2812,-1.3097,-1.8611,-1.7278
AKR1C3,-0.13855,-0.11498,-0.10939,-0.14146
CCT2,-2.0885,-1.8761,-2.3024,-2.1378
TNFRSF8,-0.52365,-0.51427,-0.57583,-0.63489
NPY2R,-0.20409,-0.14951,-0.2448,-0.26708
CSNK1G3,-0.16763,-0.12744,-0.15221,-0.14328
PRMT8,-0.15005,-0.079693,-0.22321,-0.12261
MARK3,-0.19878,-0.094752,-0.093326,-0.13912
NRAS,-0.21284,-0.16451,-0.21573,-0.23358
PLA2G10,-1.1172,-1.1479,-1.2819,-1.2909
NDUFS6,-0.16775,-0.13325,-0.27956,-0.22108
TYMS,-1.6928,-1.8462,-2.216,-2.2748
NPC1L1,-0.60126,-0.48749,-0.60423,-0.59724
KLK2,-0.14965,-0.14761,-0.18845,-0.20009
MAP3K2,-0.1873,-0.24114,-0.23795,-0.25321
ATP1B1,-0.19759,-0.10997,-0.21257,-0.13879
IDE,-0.19152,-0.23825,-0.16892,-0.25275
HMGCR,-1.5772,-1.5536,-1.6836,-1.6778
GABRA6,-0.14209,-0.13452,-0.1685,-0.1764
BRDT,-0.1753,-0.22696,-0.14711,-0.20658
SLC22A6,-0.26362,-0.25894,-0.24898,-0.29818
MSLN,-0.11334,-0.098545,-0.14677,-0.085066
SLC16A1,-0.89373,-0.85345,-1.4141,-1.4026
NGFR,-0.21251,-0.22536,-0.25442,-0.33106
CA4,-0.19213,-0.18555,-0.25116,-0.2282
SYK,-0.16797,-0.22867,-0.23798,-0.32008
PSMD9,-0.15314,-0.15693,-0.16814,-0.16561
FGFR4,-0.24827,-0.15627,-0.30816,-0.22855
DPP8,-0.17838,-0.23325,-0.17269,-0.29481
TYK2,-0.15999,-0.17608,-0.28127,-0.2462
STK3,-0.139,-0.074509,-0.11681,-0.069283
CHRNB4,-0.13303,-0.11337,-0.1826,-0.22783
PHF8,-0.17145,-0.17954,-0.26042,-0.22441
CHRNA5,-0.18108,-0.14659,-0.17897,-0.18011
ADORA3,-0.14511,-0.11619,-0.11637,-0.12007
MMP2,-0.14434,-0.15606,-0.18395,-0.20957
HIPK3,-0.14483,-0.13787,-0.12753,-0.18598
STAT3,-0.20614,-0.23557,-0.25597,-0.21608
HDAC4,-0.26517,-0.25895,-0.30934,-0.30507
PIK3R5,-0.25908,-0.25548,-0.27216,-0.32069
IL22,-0.21912,-0.18343,-0.27089,-0.22433
PIM1,-0.13688,-0.14513,-0.1311,-0.15993
STK10,-0.21475,-0.18191,-0.23168,-0.28806
KAT2B,-0.18143,-0.13484,-0.20593,-0.24886
DKK1,-0.19452,-0.12342,-0.14214,-0.19839
LSS,-0.41843,-0.34614,-0.52831,-0.48207
SLC1A2,-0.18525,-0.15696,-0.16464,-0.16636
CLEC4C,-0.13619,-0.24708,-0.20769,-0.27586
UCHL1,-0.050267,-0.086111,-0.090538,-0.13595
KCNA2,-0.22047,-0.24477,-0.19002,-0.25646
TRPV4,-0.21341,-0.23737,-0.22859,-0.24903
NPY1R,-0.12578,-0.19012,-0.15625,-0.1867
LIPG,-0.16374,-0.14605,-0.13973,-0.25156
FGA,-0.12583,-0.14256,-0.16634,-0.15001
SPR,-0.18991,-0.15727,-0.3441,-0.2919
NPY5R,-0.24565,-0.18071,-0.26888,-0.18808
POLR2L,-2.5681,-2.491,-2.9466,-2.8719
CAMK2D,-0.15323,-0.14114,-0.19839,-0.13634
GJB5,-0.22766,-0.18221,-0.2255,-0.17659
TPX2,-0.93001,-0.88232,-1.02,-1.0391
DPP7,-0.14562,-0.15887,-0.21357,-0.16133
RXFP2,-0.33203,-0.30331,-0.43366,-0.39508
CSNK2B,-0.56774,-0.50385,-0.84472,-0.7332
HSD3B2,-0.24815,-0.27971,-0.29607,-0.3324
NDUFA11,-1.0738,-0.98103,-1.5789,-1.5153
NUCB1,-0.19466,-0.20057,-0.25593,-0.29282
GJB2,-0.34393,-0.36232,-0.4823,-0.4418
ACVR1B,-0.24811,-0.18752,-0.23419,-0.17887
RARB,-0.088888,-0.049236,-0.086706,-0.074388
KPNB1,-1.8201,-1.7949,-2.1715,-2.1572
MLST8,-0.96346,-0.93634,-1.6502,-1.6167
PRKCI,-0.11536,-0.033187,-0.078223,-0.091029
GNB2L1,-1.9342,-1.8116,-2.2342,-2.3394
TLR8,-0.080319,-0.031714,-0.06846,0.0092034
PRKDC,-0.35073,-0.36306,-0.65402,-0.74565
EGFL7,-0.20929,-0.13641,-0.14764,-0.15856
CRBN,-0.12838,-0.099973,-0.15972,-0.085495
TOP1MT,-0.36417,-0.1917,-0.35899,-0.282
IL2RG,-0.0087342,-0.066357,-0.059747,-0.09633
GAA,-0.34556,-0.32842,-0.29543,-0.33284
STK38L,-0.086974,-0.17327,-0.13331,-0.21956
KCND1,-0.23861,-0.23018,-0.14671,-0.27546
CDK5,-0.040406,0.0089361,-0.044704,-0.078348
EPHB3,-0.24633,-0.22609,-0.29223,-0.25382
AURKA,-1.648,-1.5334,-1.8292,-1.7368
KCNH8,-0.071812,-0.12132,-0.099402,-0.135
EIF2AK2,-0.19802,-0.064259,-0.13151,-0.108
PRLHR,-0.21414,-0.085001,-0.19071,-0.13609
ABCB1,-0.20562,-0.1844,-0.24677,-0.22223
EPHA10,-0.27972,-0.26535,-0.31153,-0.27832
ADRB1,-0.1268,-0.1119,-0.16892,-0.16182
LINGO1,-0.1391,-0.24181,-0.24161,-0.31389
CTSC,-0.071408,-0.073862,-0.10912,-0.10855
YARS,-2.266,-2.4279,-2.5449,-2.6931
CSE1L,-1.8257,-1.8197,-2.0088,-2.1251
RYR1,-0.2729,-0.28269,-0.31874,-0.29977
AOC3,-0.16956,-0.12763,-0.15847,-0.25945
CACNA1H,-0.1289,-0.18164,-0.15008,-0.22354
CPT1B,-0.29975,-0.26047,-0.37169,-0.36514
SLC7A5,-0.64431,-0.72783,-1.0868,-1.1251
PSMD14,-1.2197,-1.1701,-1.4752,-1.6172
UCHL3,-0.14398,-0.12231,-0.20891,-0.19572
SIRT3,-0.5029,-0.39378,-0.51826,-0.59135
HCN4,-0.25657,-0.20558,-0.3164,-0.23215
AMY2A,-0.15203,-0.097074,-0.13527,-0.12647
CD86,-0.16857,-0.20787,-0.15688,-0.21453
ABCB11,-0.13847,-0.14558,-0.15023,-0.17099
PSMC5,-1.1767,-1.1432,-1.3958,-1.3764
KIR2DL1,-0.11035,-0.092909,-0.17181,-0.14499
PDCD1,-0.18298,-0.17238,-0.19354,-0.23282
SLC12A3,-0.20412,-0.25878,-0.26833,-0.32413
UGCG,-0.14048,-0.14092,-0.16199,-0.13912
UTS2R,-0.10941,-0.092991,-0.16648,-0.16983
KCNJ11,-0.23554,-0.23174,-0.26098,-0.27757
NDUFB6,-0.57356,-0.59641,-0.90039,-0.89272
CFB,-0.14117,-0.26766,-0.11673,-0.28974
IDH1,-0.12088,-0.14194,-0.15673,-0.19413
GNG7,-0.075298,-0.042666,-0.055177,-0.11819
MYLK2,-0.2576,-0.3349,-0.3062,-0.3774
SLC15A2,-0.15385,-0.077922,-0.1397,-0.14043
BMPR1A,-0.24331,-0.16723,-0.27528,-0.41678
TAOK3,-0.2299,-0.16652,-0.26097,-0.21622
S1PR1,-0.25434,-0.21926,-0.3562,-0.26426
ALOX12,-0.1464,-0.1542,-0.153,-0.17106
CACNA1D,-0.25713,-0.19658,-0.26579,-0.24869
FCER2,-0.26032,-0.31508,-0.2983,-0.31293
PRKACB,-0.11078,-0.081711,-0.10089,-0.12398
BIRC7,-0.22895,-0.24101,-0.33545,-0.25224
DYRK2,-0.21171,-0.21964,-0.2637,-0.30531
HNRNPK,-1.6978,-1.6204,-2.1968,-1.9952
NDUFB7,-0.91674,-0.96837,-1.2763,-1.3645
ROS1,-0.17149,-0.20733,-0.22567,-0.25965
GRK6,-0.21035,-0.17098,-0.16752,-0.22871
XIAP,-0.073224,-0.056434,-0.12428,-0.075563
RPL18A,-1.4515,-1.5614,-1.6421,-1.9198
LTK,-0.26615,-0.30958,-0.32654,-0.3953
PDE6G,-0.20556,-0.14196,-0.21491,-0.21055
GRM8,-0.079492,-0.15183,-0.099554,-0.15646
PKMYT1,-0.71759,-0.77308,-1.2216,-1.2806
SGMS1,-0.12761,-0.14609,-0.091213,-0.19894
RYR3,-0.23531,-0.22035,-0.23359,-0.30772
BCL2A1,-0.10789,-0.1207,-0.15092,-0.1223
RPS6KB1,-0.28494,-0.30154,-0.44543,-0.41785
INPP5A,-0.23111,-0.17132,-0.2504,-0.25147
TNFSF4,-0.13703,-0.11182,-0.16721,-0.13017
PRMT1,-1.964,-1.8662,-2.3444,-2.4878
MAP3K7,-0.14888,-0.18861,-0.16899,-0.22994
CBS,-0.28769,-0.19998,-0.40342,-0.37682
GABRR3,-0.11724,-0.20116,-0.10139,-0.20254
SMPD4,-0.14814,-0.053309,-0.16193,-0.089931
FABP5,-0.31927,-0.22339,-0.36523,-0.25763
DYRK1B,-0.2328,-0.23773,-0.32261,-0.23966
TXK,-0.081107,-0.11539,-0.10489,-0.12522
KCNC4,-0.18942,-0.15403,-0.20182,-0.15513
SLC6A7,-0.23826,-0.22199,-0.30189,-0.3206
TUBA4A,-0.60438,-0.54478,-0.62592,-0.66235
BRAF,-0.16348,-0.14596,-0.15921,-0.249
TLR7,-0.051824,-0.090437,-0.084285,-0.10796
MTNR1B,-0.21999,-0.19129,-0.22385,-0.26029
MAP3K3,-0.32053,-0.37265,-0.37356,-0.38732
KDM4A,-0.26605,-0.21524,-0.35874,-0.31695
SIRT2,-0.25236,-0.33035,-0.36219,-0.35491
RPL35,-1.4232,-1.4628,-1.7053,-1.5578
SCTR,-0.26548,-0.27658,-0.27218,-0.26194